Date(Integer),Ticker(String),Open(Double),High(Double),Low(Double),Close(Double),Volume(Integer)
20090821,A,25.6,25.61,25.22,25.55,34758
20090821,AA,12.64,12.73,12.49,12.56,338295
20090821,AAPL,167.81,169.37,166.8,169.22,148597
20090821,ABC,21.14,21.25,20.9,21.05,33179
20090821,ABT,45.58,46,45.315,45.39,84699
20090821,ACS,45.08,45.33,44.4,45.32,17241
20090821,ADBE,32.49,32.93,32,32.84,51086
20090821,ADI,28.21,28.44,27.64,28.42,64696
20090821,ADM,28.12,28.75,28.07,28.67,40472
20090821,ADP,38.26,39.11,37.8,39.07,41981
20090821,ADSK,24.4,24.91,24.14,24.51,38523
20090821,AEE,26.58,27.11,26.46,27.05,13171
20090821,AEP,31.31,31.65,31.04,31.49,39739
20090821,AES,14.04,14.32,13.91,14.26,55350
20090821,AET,29.89,30.34,29.38,29.62,60724
20090821,AFL,40.56,42.2,40.3,41.87,58637
20090821,AGN,55.71,56.24,55,55.43,19968
20090821,AIG,34.42,35,32.53,32.85,493973
20090821,AIV,11.46,12.06,11.41,11.95,36058
20090821,AIZ,28.51,29.33,28.51,29.24,8827
20090821,AKAM,18.07,18.5,17.955,18.42,44253
20090821,AKS,20.75,21.12,20.724,20.87,53273
20090821,ALL,28.22,28.77,27.85,28.63,39759
20090821,ALTR,19.36,19.5,19.15,19.48,54580
20090821,AMAT,13.53,13.75,13.32,13.74,159825
20090821,AMD,3.53,3.71,3.51,3.7,201395
20090821,AMGN,60.71,61.01,59.7,60.64,66052
20090821,AMP,29.25,29.87,29,29.82,23186
20090821,AMT,33.19,33.47,32.85,33.12,31521
20090821,AMZN,84.88,85.06,83.54,85,61312
20090821,AN,19.26,19.29,18.86,19.11,22686
20090821,ANF,32.26,32.75,32.05,32.55,21641
20090821,AOC,41.67,41.87,41.33,41.67,20902
20090821,APA,86.86,89.09,86.12,88.87,36404
20090821,APC,52.32,53.96,52.22,53.89,54830
20090821,APD,75.22,76.74,75.11,76.64,13265
20090821,APH,33.18,33.47,32.83,33.35,12561
20090821,APOL,64.54,65.1,63.89,64.84,17593
20090821,ATI,28.7,29.49,28.38,29.25,28354
20090821,AVB,65.13,67.32,64.47,65.16,20563
20090821,AVP,32.62,32.97,32.16,32.66,29949
20090821,AVY,30.75,31.72,30.37,31.3,14079
20090821,AXP,32.96,33.07,32.5,32.85,122772
20090821,AYE,25.35,25.81,25.18,25.8,19106
20090821,AZO,151.8,153.28,151.03,153.25,5204
20090821,BA,45.18,46.02,44.92,45.87,55298
20090821,BAC,17.46,17.6,17.31,17.46,2365971
20090821,BAX,56.28,56.61,55.73,56.29,24672
20090821,BBBY,35.2,35.81,34.73,35.81,36816
20090821,BBT,28,28.28,27.6901,28.03,89082
20090821,BBY,36.92,37.75,36.82,37.49,45468
20090821,BCR,75.39,76.1,74.99,75.56,10229
20090821,BDK,43.17,44.91,43.04,44.82,11891
20090821,BDX,68.29,68.95,67.505,68.85,21571
20090821,BEN,94.19,95,93.1337,94.57,19169
20090821,BF.B,43.54,44.92,43.54,44.77,4591
20090821,BHI,38.1,38.9,37.9,38.71,50370
20090821,BIG,23.1,23.94,23.1,23.81,15682
20090821,BIIB,49.57,50.43,49.16,49.97,22433
20090821,BJS,14.68,15.48,14.68,15.45,78552
20090821,BK,29.05,29.21,28.59,29.12,104719
20090821,BLL,50.47,50.5,49.67,50.08,10099
20090821,BMC,35.13,35.55,34.84,35.45,22812
20090821,BMS,26.73,26.94,26.52,26.92,7200
20090821,BMY,22.37,22.74,22.35,22.57,132006
20090821,BNI,83.75,84.96,82.58,84.77,22948
20090821,BRCM,27.92,28.05,27.44,28.02,67027
20090821,BSX,11.45,11.51,11.28,11.37,100808
20090821,BTU,35.14,35.99,35.14,35.84,44917
20090821,BXP,58.39,60.82,58.24,59.4,20949
20090821,C,4.63,4.86,4.58,4.7,13668188
20090821,CA,22.7,23.01,22.43,22.99,51606
20090821,CAG,19.9,20.31,19.82,20.21,40015
20090821,CAH,35.09,35.73,34.6,35.63,53861
20090821,CAM,35.32,36.84,35.09,36.66,47696
20090821,CAT,46.03,47.33,45.62,47.3,123299
20090821,CB,48.76,49.27,48.44,49.04,24632
20090821,CBE,32.36,32.8,31.8,32.76,10418
20090821,CBG,12.3,12.41,11.93,12.11,42198
20090821,CBS,10.7,10.935,10.555,10.74,79639
20090821,CCE,20.25,20.49,20,20.41,27224
20090821,CCL,30.48,31.12,30.37,30.88,43249
20090821,CEG,30.18,31.32,30.02,31.32,23645
20090821,CELG,53.35,53.84,52.47,53.15,30827
20090821,CEPH,57.54,57.75,56.75,56.9,13740
20090821,CF,83.29,83.29,81.47,81.79,6987
20090821,CHK,23.4,23.94,23.29,23.79,106618
20090821,CHRW,56.11,57.8,55.26,57.57,24112
20090821,CI,30.28,30.28,29.26,29.87,42138
20090821,CIEN,13.35,13.5,13.06,13.43,43326
20090821,CINF,24.69,24.97,24.51,24.9,15811
20090821,CL,73.3,73.62,72.68,73.16,29555
20090821,CLX,58.44,58.9,58.2,58.69,10172
20090821,CMA,27.37,27.74,26.95,27.09,33497
20090821,CMCSA,14.76,15.17,14.49,15.07,262324
20090821,CME,273.83,278,271.35,276.12,7090
20090821,CMI,46.2,47.24,45.19,47.03,24132
20090821,CMS,13.52,13.69,13.39,13.57,32735
20090821,CNP,12.68,12.88,12.64,12.8,27837
20090821,CNX,39.64,40.63,39.35,40.45,24594
20090821,COF,35.68,36.58,32.42,36.48,88939
20090821,COG,36.29,38,36.29,37.65,18690
20090821,COH,29.11,29.2,28.36,28.75,32930
20090821,COL,43.65,44.52,43.42,44.4,7625
20090821,COP,43.98,44.31,43.75,44.2,157013
20090821,COST,48.38,48.82,47.89,48.56,39747
20090821,CPB,30.66,31.19,30.66,31.12,11852
20090821,CPWR,7.16,7.42,7.05,7.38,26835
20090821,CRM,51.65,53.94,51.34,53.67,95535
20090821,CSC,48.91,49.75,48.82,49.68,9223
20090821,CSCO,22.06,22.27,21.77,22.19,565934
20090821,CSX,44.59,45.34,44.13,45.06,40267
20090821,CTAS,27.18,27.86,27.07,27.7,9598
20090821,CTL,31.39,31.83,31.18,31.73,18835
20090821,CTSH,34.12,34.52,34.02,34.46,40725
20090821,CTXS,35.04,35.49,34.61,35.38,20792
20090821,CVG,10.67,10.88,10.44,10.84,10724
20090821,CVH,22.95,23.2101,22.67,22.74,14923
20090821,CVS,35.16,35.835,35,35.72,101016
20090821,CVX,69.46,69.95,69.06,69.73,152660
20090821,D,34,34.25,33.65,34.22,31050
20090821,DD,32.1,33,31.99,32.71,77618
20090821,DE,44.39,45.11,44.02,44.8,52459
20090821,DELL,14.73,14.76,14.41,14.49,291858
20090821,DF,18.35,18.35,17.91,18.11,28269
20090821,DFS,13.2,13.59,13.14,13.51,68713
20090821,DGX,54.85,55.03,54.46,54.89,11251
20090821,DHI,12.42,12.89,12.385,12.66,75726
20090821,DHR,61.5,62.17,61.05,61.9,22250
20090821,DIS,26.05,26.86,25.87,26.79,137256
20090821,DNB,74.46,75.07,73.96,74.63,5974
20090821,DNR,15.97,16.82,15.97,16.77,32357
20090821,DO,88.91,90.35,88.59,90,17026
20090821,DOV,34.78,35.55,34.61,35.52,12658
20090821,DOW,21.83,22.69,21.75,22.63,149703
20090821,DPS,27.39,27.5,26.92,27.25,29260
20090821,DRI,32.9,33.37,32.56,33.27,27088
20090821,DTE,35,35.36,34.77,35.34,8535
20090821,DTV,24.84,25.02,24.6,24.8,117775
20090821,DUK,15.55,15.65,15.48,15.61,68728
20090821,DV,53.03,53.3,52.45,52.91,7309
20090821,DVA,52.19,52.47,51.57,52.38,4921
20090821,DVN,63.59,64.93,63.13,64.33,66859
20090821,DYN,2.06,2.08,1.99,2.02,92725
20090821,EBAY,21.54,22.1,21.3,22.08,160012
20090821,ECL,42.83,43.1,42.55,42.98,23572
20090821,ED,39.88,40.62,39.83,40.5,22504
20090821,EFX,27.6,28.11,27.355,27.97,11001
20090821,EIX,32.92,34.23,32.92,34,49238
20090821,EK,4.35,4.5,4.3,4.34,56307
20090821,EL,35.67,36.08,35.19,35.84,15230
20090821,EMC,15.24,15.32,15.06,15.29,217523
20090821,EMN,54.57,55.2,54.35,55.02,8880
20090821,EMR,35.34,36.2,35.09,36.02,60710
20090821,EOG,74.15,76.34,74.14,75.79,21802
20090821,EP,9.52,9.74,9.41,9.71,97347
20090821,EQR,27.61,28.66,27.3,27.65,44550
20090821,EQT,40.93,41.69,40.93,41.5,10987
20090821,ERTS,19.42,19.78,19.1,19.44,54170
20090821,ESRX,70.35,71.77,69.55,70.86,31599
20090821,ESV,38.22,38.96,37.97,38.85,14163
20090821,ETFC,1.48,1.48,1.4,1.41,445988
20090821,ETN,54.21,55.49,53.56,55.37,13558
20090821,ETR,80.11,81.92,79.96,81.78,10971
20090821,EXC,49.83,51.39,49.62,51.14,63377
20090821,EXPD,32.46,33.69,31.78,33.49,26443
20090821,EXPE,22.74,23.03,22.2,22.9,31822
20090821,F,7.79,7.83,7.62,7.74,552832
20090821,FAST,36.56,37.5299,36.39,37.17,12913
20090821,FCX,63.76,65.35,62.95,65.06,160149
20090821,FDO,29.46,29.84,29.29,29.72,22448
20090821,FDX,66.71,68.15,66.29,67.87,29668
20090821,FE,44.58,45.44,44.5,45.38,17014
20090821,FHN,13.46,13.69,13.3,13.61,23202
20090821,FII,26.6,26.98,26.36,26.95,10643
20090821,FIS,24.67,24.87,24.42,24.85,28481
20090821,FISV,48.33,49.17,47.17,49.09,12086
20090821,FITB,10.6,10.95,10.5,10.909,206463
20090821,FLIR,22.8,23.12,22.2,23.05,17067
20090821,FLR,55.1,56.1,54.98,55.87,29153
20090821,FLS,89.7,91.47,88.8,91.12,13092
20090821,FO,39.6,40.68,39.4,40.49,7025
20090821,FPL,57.58,58.3,57.29,58.03,26649
20090821,FRX,28.15,28.93,28.07,28.78,29519
20090821,FTI,46.84,47.99,46.8,47.93,9661
20090821,FTR,6.92,7.05,6.88,7.04,39595
20090821,GAS,37.28,37.85,37.17,37.72,3702
20090821,GCI,8.06,8.29,8.06,8.16,75132
20090821,GD,56.13,58.68,56.1,58.49,42043
20090821,GE,14.16,14.2817,14,14.21,906182
20090821,GENZ,53.65,54.49,53.05,53.58,55044
20090821,GILD,46.49,46.87,45.95,46.09,79959
20090821,GIS,58.73,59.85,58.63,59.61,25547
20090821,GLW,16.15,16.17,15.8,16.09,138382
20090821,GME,23.61,23.83,23.02,23.13,74033
20090821,GNW,8.19,8.6,8.08,8.41,169034
20090821,GOOG,464.84,466.09,462.65,465.24,35643
20090821,GPC,38.41,38.89,37.99,38.84,7408
20090821,GPS,19.46,19.67,19.06,19.48,173012
20090821,GR,56.33,57.37,55.63,57.03,13126
20090821,GS,163.76,164.9,162.02,163.51,104195
20090821,GT,18.45,18.78,17.77,17.97,62953
20090821,GWW,89.14,90.14,88.12,89.82,5729
20090821,HAL,24.68,25.18,24.6,25.05,238374
20090821,HAR,28.81,29.09,27.89,28.67,15448
20090821,HAS,26.01,27.01,26.01,27.01,22315
20090821,HBAN,4.6,4.7,4.55,4.62,264829
20090821,HCBK,13.55,13.61,13.33,13.37,66771
20090821,HCN,42.09,43.27,42.09,43.01,28460
20090821,HCP,28.05,29.1,27.97,28.46,39569
20090821,HD,26.94,27.53,26.66,27.5,186679
20090821,HES,51.44,53.11,50.6,52.93,66072
20090821,HIG,20.4,21.18,20.2,20.56,151653
20090821,HNZ,38.89,39.08,38.78,39.03,25661
20090821,HOG,21.95,22.28,21.61,22.21,27102
20090821,HON,35.92,36.48,35.5,36.32,57904
20090821,HOT,30.28,30.83,30.06,30.35,32391
20090821,HPQ,44.2,44.84,43.83,44.78,189360
20090821,HRB,17.71,17.84,17.5,17.61,26362
20090821,HRL,37.63,38.06,37.35,37.99,5094
20090821,HRS,34.67,35.37,34.38,35.23,16076
20090821,HSP,40.29,40.49,39.9,40.32,6236
20090821,HST,10.35,10.8,10.28,10.58,113760
20090821,HSY,39.49,39.76,39.08,39.66,8299
20090821,HUM,36.21,36.34,35.58,36.05,13999
20090821,IBM,119.65,120.01,118.55,119.9,83077
20090821,ICE,96,96.22,93.94,95.94,18903
20090821,IFF,35.52,36.31,35.34,36.31,6457
20090821,IGT,20.19,20.985,20.03,20.79,51018
20090821,INTC,18.92,18.92,18.55,18.8901,551632
20090821,INTU,29.89,29.9,27.61,28.62,134307
20090821,IP,20.46,21.34,20.46,21.18,80072
20090821,IPG,6.16,6.72,6.16,6.47,79450
20090821,IRM,28.31,29.68,28.31,29.55,18002
20090821,ISRG,227.46,231.51,226.17,230.74,5142
20090821,ITT,50.01,51,49.68,50.95,16698
20090821,ITW,41.79,42.45,41.52,42.29,36944
20090821,IVZ,20.02,20.33,19.7,20.25,33241
20090821,JAVA,9.35,9.36,9.33,9.35,148943
20090821,JBL,10.23,10.78,9.99,10.71,48010
20090821,JCI,25.15,25.73,25.15,25.49,73473
20090821,JCP,31.01,31.47,30.72,31.26,33276
20090821,JDSU,6.35,6.77,6.29,6.52,75403
20090821,JEC,46.01,47,46.01,46.79,19594
20090821,JNJ,61.09,61.42,60.61,61.03,125944
20090821,JNPR,24.85,24.92,24.45,24.61,98002
20090821,JNS,13.56,13.765,13.41,13.69,24338
20090821,JPM,42.86,43.81,42.53,43.66,428635
20090821,JWN,27.99,28.78,27.8,28.17,34141
20090821,K,46.98,47.55,46.83,47.35,14898
20090821,KBH,17.45,17.99,17.34,17.73,34971
20090821,KEY,6.52,6.85,6.45,6.73,273896
20090821,KFT,28.59,29.02,28.4,28.81,115967
20090821,KG,10.18,10.54,10.18,10.5,43342
20090821,KIM,11.86,12.19,11.51,12.05,97256
20090821,KLAC,30.68,31.41,30.545,31.4,31483
20090821,KMB,59.05,59.67,58.67,59.53,23942
20090821,KO,49.6,49.98,49.25,49.91,88252
20090821,KR,21.25,21.44,21,21.38,79151
20090821,KSS,51.76,52.82,51.62,52.36,26987
20090821,L,32.28,33.26,31.97,33.15,23615
20090821,LEG,18.47,18.97,18.46,18.88,11966
20090821,LEN,14.29,14.65,14.19,14.52,65023
20090821,LH,69.7,69.99,69.06,69.84,8323
20090821,LIFE,46.06,46.4,44.9,46.19,12908
20090821,LLL,74.24,75,73.77,74.76,9897
20090821,LLTC,26.58,27.04,26.28,27.02,31655
20090821,LLY,33.2,33.84,33.2,33.45,57282
20090821,LM,28.45,28.82,28.33,28.63,21171
20090821,LMT,75.19,75.38,74.22,74.92,34655
20090821,LNC,24.25,25.24,24.18,25.07,89891
20090821,LO,73.9,75.1,73.28,74.87,11597
20090821,LOW,20.52,21.22,20.4806,21.16,184627
20090821,LSI,4.94,5.06,4.89,5.05,77193
20090821,LTD,15.07,15.5,14.76,15.35,81071
20090821,LUK,25.27,25.74,24.8,25.57,12287
20090821,LUV,8.55,8.82,8.55,8.68,154478
20090821,LXK,17.12,17.36,17,17.32,17203
20090821,M,15.08,15.59,14.91,15.35,111956
20090821,MA,205.03,208.07,202.24,207.25,15444
20090821,MAR,24.7,25.21,24.52,24.69,45077
20090821,MAS,13.68,14.44,13.6,14.36,64964
20090821,MAT,17.87,18.28,17.82,18.18,22771
20090821,MBI,5.35,5.58,5.35,5.47,43526
20090821,MCD,56.5,56.62,56.05,56.27,76711
20090821,MCHP,26.66,26.9,26.37,26.73,36996
20090821,MCK,55.89,56.365,55.57,56.24,22790
20090821,MCO,25.51,26.2,25.25,26.05,41172
20090821,MDP,27.84,28.15,27.58,27.95,3717
20090821,MDT,37.95,38.45,37.15,37.8,98379
20090821,MEE,29.93,30.62,29.75,30.43,36190
20090821,MET,37.74,39.1,37.74,38.93,60500
20090821,MFE,41.74,41.92,40.842,41.22,25919
20090821,MHP,29.45,29.8,29.11,29.67,23309
20090821,MHS,55.41,56,55.06,55.63,25662
20090821,MI,7.19,7.51,7.12,7.29,75662
20090821,MIL,67.88,68.17,67.54,67.93,5333
20090821,MKC,32.21,32.62,31.94,32.54,4501
20090821,MMC,23.6,23.89,23.53,23.81,37290
20090821,MMM,72,72.91,71.26,72.64,43246
20090821,MO,18.01,18.1,17.83,18.04,170661
20090821,MOLX,18.06,18.31,17.79,18.24,12979
20090821,MON,83.1,84,82.75,83.78,38568
20090821,MOT,7.52,7.6,7.39,7.58,230785
20090821,MRK,31.65,32.72,31.45,32.56,207278
20090821,MRO,31.27,31.895,31.25,31.84,50219
20090821,MS,29.86,29.95,29,29.69,242938
20090821,MSFT,23.93,24.42,23.77,24.41,690189
20090821,MTB,59.91,61.15,59.76,60.44,8852
20090821,MTW,6.85,6.99,6.745,6.89,30465
20090821,MU,6.83,7.16,6.76,7.14,201940
20090821,MUR,58.62,59.42,58.46,59.3,11648
20090821,MWV,21.66,22.24,21.25,22.11,18428
20090821,MWW,15.17,15.6,15.1,15.44,14076
20090821,MYL,14.48,14.49,14.25,14.39,50000
20090821,NBL,60.83,62.04,60.5,61.6,19399
20090821,NBR,17.99,18.86,17.79,18.8,95408
20090821,NDAQ,20.74,20.92,20.5,20.84,24299
20090821,NEM,41.13,41.15,40.43,40.84,59652
20090821,NI,13.38,13.58,13.23,13.57,26287
20090821,NKE,55.99,56.5,55.24,55.65,56393
20090821,NOC,48.32,50,47.8,49.96,31694
20090821,NOV,38.51,39.6,38.51,39.39,55337
20090821,NOVL,4.6,4.76,4.48,4.69,24615
20090821,NSC,46.69,47.86,46.3,47.54,28144
20090821,NSM,14.8,15.2005,14.63,15.16,106999
20090821,NTAP,21.69,21.99,21.29,21.98,148347
20090821,NTRS,61.64,61.64,59.77,60.35,24025
20090821,NU,23.83,24.31,23.65,24.31,15867
20090821,NUE,47.1,47.69,46.81,47.15,45679
20090821,NVDA,13.87,13.95,13.53,13.93,151858
20090821,NVLS,17.59,17.62,17.13,17.52,38231
20090821,NWL,13.58,13.83,13.331,13.69,41931
20090821,NWSA,10.89,11.2225,10.53,11.17,154908
20090821,NYT,8.13,8.16,8,8.06,8222
20090821,NYX,28.06,28.18,27.67,27.93,27067
20090821,ODP,5.25,5.53,5.22,5.37,82007
20090821,OI,34.36,35.26,34.36,34.95,14575
20090821,OMC,35.99,36.74,35.72,36.53,18717
20090821,ORCL,22.11,22.14,21.74,22.11,296442
20090821,ORLY,38.51,38.85,38.02,38.23,18514
20090821,OXY,73.67,74.95,72.92,74.78,55331
20090821,PAYX,28.29,28.64,27.77,28.4,38451
20090821,PBCT,16.43,16.51,16.1,16.36,37083
20090821,PBG,36,36.08,35.84,36.01,43326
20090821,PBI,21.91,22.46,21.8,22.45,14134
20090821,PCAR,36.1,37.58,35.6,37.18,47939
20090821,PCG,40.43,40.68,40.21,40.66,23508
20090821,PCL,31,31.96,30.83,31.37,25011
20090821,PCP,85.8,86.95,85.05,86.67,7841
20090821,PCS,8.13,8.23,7.9915,8.01,44906
20090821,PDCO,27.55,27.84,27.09,27.43,16349
20090821,PEG,32.35,32.93,32.16,32.87,32379
20090821,PEP,57.07,57.73,56.8,57.49,88900
20090821,PFE,16.49,16.72,16.27,16.64,648120
20090821,PFG,26.3,28.13,26.12,27.74,47727
20090821,PG,53.45,53.77,53,53.58,132748
20090821,PGN,39.21,39.61,39.09,39.45,23402
20090821,PGR,16.65,16.86,16.45,16.84,37329
20090821,PH,48.97,49.92,48.65,49.49,18729
20090821,PHM,12.5,12.98,12.46,12.67,89369
20090821,PKI,17.8,18.26,17.75,18.21,12181
20090821,PLD,9.84,10.37,9.81,9.99,114477
20090821,PLL,30.21,30.68,29.99,30.59,5735
20090821,PM,46.7,47.18,46.39,46.87,73369
20090821,PNC,42.01,43,41.38,42.86,51936
20090821,PNW,32.92,33.415,32.79,33.41,7947
20090821,POM,14.31,14.67,14.23,14.59,23617
20090821,PPG,53.74,54.7,53.31,54.55,11416
20090821,PPL,29.2,29.67,29.1,29.6,21867
20090821,PRU,48.72,50.25,48.33,49.94,50637
20090821,PSA,69.52,70.95,68.85,70.33,25288
20090821,PTV,25.79,26.145,25.45,26.07,16139
20090821,PWR,22.51,23.14,22.43,23.04,18556
20090821,PX,77.79,79.2,77.46,78.5,19511
20090821,PXD,29.97,30.99,29.96,30.87,17207
20090821,Q,3.77,3.85,3.74,3.79,169109
20090821,QCOM,47.49,47.49,46.63,47.29,207027
20090821,QLGC,14.24,14.58,14,14.51,35941
20090821,R,39.23,40,38.67,39.9,7524
20090821,RAI,45.53,46.2,45.22,46.12,13298
20090821,RDC,22.01,22.42,21.93,22.11,35439
20090821,RF,5.63,5.91,5.59,5.86,523531
20090821,RHI,26.08,26.84,26.06,26.46,10365
20090821,RHT,22.12,22.55,21.84,22.28,13278
20090821,RL,67.74,67.84,66.62,67.03,15914
20090821,ROK,39.61,40.39,39.18,40.25,12781
20090821,RRC,50.37,51.99,50.35,51.64,27841
20090821,RRD,17.71,18.06,17.44,18.01,21625
20090821,RSG,25.3,26.16,25.21,26.02,19007
20090821,RSH,15.08,15.35,14.81,15.19,39983
20090821,RTN,47.12,48.45,46.88,48.22,44361
20090821,RX,13.41,13.87,13.31,13.81,22659
20090821,S,3.9,3.93,3.84,3.9,287686
20090821,SBUX,19.4,19.79,19.24,19.71,94353
20090821,SCG,34.41,34.81,34.26,34.74,6378
20090821,SCHW,17.83,18.105,17.58,18.01,136181
20090821,SE,18.84,19.12,18.76,19.1,30586
20090821,SEE,18.28,18.85,18.26,18.78,11609
20090821,SGP,27.79,28.34,27.65,28.24,149000
20090821,SHLD,65.65,66.71,64.6,66.02,27132
20090821,SHW,61.38,62.73,61.28,62.08,10285
20090821,SIAL,51.23,52.49,51.21,52.09,7350
20090821,SII,27.76,29.07,27.76,29.04,58000
20090821,SJM,53.95,55.36,53.56,54.1,25558
20090821,SLB,54.53,56.6825,54.02,56.56,133683
20090821,SLE,9.52,9.7,9.47,9.65,52667
20090821,SLM,8.6,8.79,8.55,8.72,40119
20090821,SNA,37.09,38.03,36.75,38.02,4579
20090821,SNDK,16.89,16.99,16.6,16.88,63291
20090821,SNI,33.19,33.75,32.61,33.66,5656
20090821,SO,31.46,31.65,30.94,31.51,75562
20090821,SPG,62.01,63.06,61.22,62.21,41987
20090821,SPLS,21.77,22.55,21.52,22.49,100245
20090821,SRCL,50.71,51.65,50.24,51.5,6530
20090821,SRE,50.89,51.66,50.63,51.5,13729
20090821,STI,21.78,22.95,21.22,22.64,134655
20090821,STJ,37.91,38.08,37.522,37.79,23219
20090821,STR,34.24,34.9,33.9,34.79,14511
20090821,STT,54.39,54.74,53.07,53.52,52888
20090821,STZ,14.34,14.85,14.19,14.82,22110
20090821,SUN,26.2,26.23,25.82,26.05,47568
20090821,SVU,14.35,14.54,14.17,14.53,30523
20090821,SWK,41.51,42.25,41.43,42.02,5430
20090821,SWN,40.42,41.65,40.12,41.48,59554
20090821,SWY,18.94,19.38,18.83,19.21,47963
20090821,SYK,41.47,41.95,41.14,41.76,19429
20090821,SYMC,15.42,15.64,15.22,15.54,99138
20090821,SYY,24.78,25.2801,24.78,25.2,46917
20090821,T,25.88,26.12,25.6,26,308334
20090821,TAP,46.03,46.59,45.78,46.3,8440
20090821,TDC,26.29,26.58,26.03,26.38,10307
20090821,TE,13.35,13.6,13.27,13.59,12719
20090821,TEG,34.75,35.5,34.57,35.46,5438
20090821,TER,8.09,8.19,7.87,8.18,51597
20090821,TGT,45.6,45.87,45.13,45.66,60965
20090821,THC,4.77,4.81,4.53,4.55,75557
20090821,TIE,8.08,8.3,8.06,8.22,18571
20090821,TIF,31.2,32.29,31.13,32.1,30635
20090821,TJX,35.84,36.25,35.551,35.86,37854
20090821,TLAB,6.66,6.73,6.42,6.69,71188
20090821,TMK,41.76,42.3,41.41,42.2,10646
20090821,TMO,45.82,46.1,45.46,45.67,35681
20090821,TROW,46.61,46.96,45.01,46.64,19166
20090821,TRV,48.04,49.29,47.4,48.2,57274
20090821,TSN,11.84,11.93,11.62,11.82,26179
20090821,TSO,13.24,13.53,13.21,13.44,43176
20090821,TSS,15.05,15.38,15.05,15.36,14471
20090821,TWC,34.72,35.92,34.62,35.92,36655
20090821,TWX,27.73,28.32,27.63,28.28,80732
20090821,TXN,24.17,24.59,23.9,24.54,106674
20090821,TXT,14.31,14.82,14.23,14.58,45236
20090821,UNH,28.72,29.05,28.27,28.92,81828
20090821,UNM,21.7,22.17,21.67,22.15,38155
20090821,UNP,61.7,62.52,60.72,61.95,36110
20090821,UPS,53.21,53.72,53,53.62,51576
20090821,USB,22.42,22.59,22.21,22.28,161064
20090821,UTX,57.68,58.84,57.22,58.71,68239
20090821,VAR,39.74,40.15,38.87,40.04,36176
20090821,VFC,66.43,67.36,66.15,67.05,7829
20090821,VIA,25.58,26.14,25.51,26.03,395
20090821,VLO,18.2,18.6,18.14,18.49,131398
20090821,VMC,48.87,49.97,48.57,49.71,7951
20090821,VNO,56.1,58.38,55.8,56.82,31362
20090821,VRSN,20.82,21.15,20.68,20.94,58667
20090821,VTR,38.55,39.85,38.55,39.01,30776
20090821,VZ,31.06,31.47,30.71,31.37,140342
20090821,WAG,31.14,31.64,30.82,31.63,78579
20090821,WAT,50.77,52.144,50.33,51.8,9785
20090821,WDC,33.3,33.49,32.41,32.85,40930
20090821,WEC,45.07,45.95,44.94,45.88,6638
20090821,WFC,27.91,28.08,27.62,27.94,511377
20090821,WFMI,28.2,28.9,27.62,28.78,23724
20090821,WFR,17.06,17.3,16.73,17,38055
20090821,WHR,61.27,64.61,61.27,64.09,26142
20090821,WIN,8.45,8.61,8.42,8.6,32215
20090821,WLP,55.3,55.48,54.42,54.64,44610
20090821,WM,30.06,30.35,29.9,30.06,23951
20090821,WMB,17.15,17.4,17.1,17.38,42530
20090821,WMT,51.97,52.1,51.25,51.36,210943
20090821,WPI,35.18,35.64,35.11,35.24,7160
20090821,WPO,472.5,472.5,441.1,456.89,1105
20090821,WU,18.21,18.63,17.99,18.58,61370
20090821,WY,36.29,37.31,35.89,37.02,19789
20090821,WYE,47.88,48.02,47.69,48.02,144813
20090821,WYN,15.92,16.44,15.87,16.31,28391
20090821,WYNN,57.3,57.35,55.2601,56.95,44563
20090821,X,44.5,45.24,44.43,44.86,96678
20090821,XEL,19.61,19.91,19.58,19.87,34085
20090821,XL,15.23,15.8,15.05,15.77,85971
20090821,XLNX,22.09,22.5,21.82,22.39,71158
20090821,XOM,69.45,70,69.21,69.92,261666
20090821,XRAY,35.05,35.22,34.44,34.55,9849
20090821,XRX,8.33,8.56,8.24,8.45,42005
20090821,XTO,40.46,41.46,40.25,41.29,55384
20090821,YHOO,14.96,14.96,14.73,14.79,235459
20090821,YUM,35.57,36.06,35.28,36.02,31962
20090821,ZION,17.9,18.6,17.6419,18.22,69225
20090821,ZMH,46.97,47.75,46.82,47.24,20925
20090824,A,25.64,25.74,25.33,25.5,22247
20090824,AA,12.76,12.83,12.36,12.42,307627
20090824,AAPL,170,170.71,168.27,169.06,145331
20090824,ABC,21.16,21.18,20.71,20.8,31084
20090824,ABT,45.73,46.13,45.25,46.08,92196
20090824,ACS,45.55,45.95,45.4,45.6,9765
20090824,ADBE,32.88,33.23,32.52,32.73,47371
20090824,ADI,28.49,28.615,28.08,28.24,58686
20090824,ADM,28.8,29.5,28.2,28.39,59279
20090824,ADP,38.91,39.25,38.87,39.22,31593
20090824,ADSK,24.45,24.54,23.94,24.02,35802
20090824,AEE,27.18,27.23,26.93,27.2,11329
20090824,AEP,31.52,31.71,31.25,31.54,19207
20090824,AES,14.35,14.55,14.27,14.42,79512
20090824,AET,29.56,30.21,29.56,29.91,59234
20090824,AFL,42.2,42.63,40.93,41.2,32212
20090824,AGN,55.82,56.47,55.59,55.94,13688
20090824,AIG,35,35.45,33.64,33.85,310505
20090824,AIV,12.12,12.43,12.01,12.13,36929
20090824,AIZ,29.38,29.87,29.38,29.49,8435
20090824,AKAM,18.48,18.5,17.94,18.06,36359
20090824,AKS,21.16,21.54,20.88,21.14,77016
20090824,ALL,28.82,29.42,28.57,28.68,33114
20090824,ALTR,19.51,19.72,19.04,19.13,42059
20090824,AMAT,13.75,13.98,13.41,13.48,217018
20090824,AMD,3.93,4.1,3.88,4,497549
20090824,AMGN,60.84,60.84,60.03,60.38,53003
20090824,AMP,29.98,30.45,29.46,29.66,23018
20090824,AMT,33.19,33.25,32.69,32.79,21680
20090824,AMZN,85.25,85.59,84.24,84.5,47233
20090824,AN,19.16,19.26,18.48,18.51,23886
20090824,ANF,32.85,32.91,31.92,32.03,22779
20090824,AOC,41.81,42.84,41.79,42,26535
20090824,APA,89.89,90.36,87.93,88.36,29294
20090824,APC,54.8,55,53.98,54.4,51485
20090824,APD,77.22,77.5,75.81,76.13,8215
20090824,APH,33.47,34,33.43,33.6,12994
20090824,APOL,64.73,65.5055,64.53,64.56,22681
20090824,ATI,29.84,29.91,29.42,29.51,24769
20090824,AVB,65.62,66.38,64.07,64.35,17005
20090824,AVP,32.55,32.79,32.06,32.21,17640
20090824,AVY,31.5,31.59,31.06,31.2,7211
20090824,AXP,33.7,33.93,32.6,32.67,143630
20090824,AYE,25.77,26.01,25.56,25.81,14767
20090824,AZO,152.96,153.37,150.66,150.8,5927
20090824,BA,46.51,47.7868,45.973,47.13,61579
20090824,BAC,17.81,18.2,17.33,17.35,3166397
20090824,BAX,56.57,56.79,56.25,56.63,23555
20090824,BBBY,35.89,35.98,35.1,35.24,33723
20090824,BBT,28.25,28.35,27.27,27.42,96901
20090824,BBY,37.58,37.66,35.76,35.81,65753
20090824,BCR,75.85,76.36,75.35,76.25,11512
20090824,BDK,45.15,46.11,44.75,44.89,12658
20090824,BDX,69.9,69.9,68.41,68.66,17447
20090824,BEN,94.95,95.53,93.07,93.2,12655
20090824,BF.B,44.75,45.34,44.55,44.99,3185
20090824,BHI,39.04,39.69,38.95,39.18,33722
20090824,BIG,23.91,24.25,23.82,24.03,30577
20090824,BIIB,49.61,49.84,49.19,49.53,16928
20090824,BJS,15.5,15.79,15.31,15.47,51340
20090824,BK,29.23,29.78,29.1,29.19,96217
20090824,BLL,50.36,50.42,49,49.36,10060
20090824,BMC,35.43,35.66,35.26,35.41,16982
20090824,BMS,27.02,27.06,26.5,26.6,6019
20090824,BMY,22.69,22.69,22.44,22.58,67803
20090824,BNI,84.87,86.02,83.94,84.44,25972
20090824,BRCM,27.98,28.35,27.58,27.71,54770
20090824,BSX,11.46,11.51,11.36,11.46,78794
20090824,BTU,36.37,36.93,35.95,36.05,53606
20090824,BXP,59.29,60.7,58.94,59.33,18541
20090824,C,4.95,5,4.76,4.82,12022749
20090824,CA,23.08,23.29,22.8,22.93,38851
20090824,CAG,20.26,20.3,20.09,20.3,29586
20090824,CAH,35.87,35.87,35.25,35.44,30839
20090824,CAM,37,37.53,36.54,37.05,38371
20090824,CAT,47.9,48.93,47.34,47.56,97733
20090824,CB,49.39,49.5,48.62,48.73,17490
20090824,CBE,32.82,33.09,32.37,32.5,10132
20090824,CBG,12.29,12.32,11.6,11.68,29638
20090824,CBS,10.74,11.17,10.73,11.01,90426
20090824,CCE,20.49,20.62,20.23,20.42,32323
20090824,CCL,31.62,31.64,30.59,30.69,29139
20090824,CEG,31.22,31.65,30.94,31.28,19141
20090824,CELG,53.31,53.38,52.49,53,26890
20090824,CEPH,57.14,57.2,56.47,56.78,11699
20090824,CF,82.91,84.08,82.29,83.12,10326
20090824,CHK,24,24.36,23.84,23.94,138358
20090824,CHRW,57.19,58,57,57.47,13631
20090824,CI,30.18,30.34,29.69,30,32668
20090824,CIEN,13.55,13.89,13.1,13.17,47437
20090824,CINF,24.96,25.14,24.55,24.65,13681
20090824,CL,73.29,73.48,72.35,72.82,17282
20090824,CLX,58.79,58.79,58.25,58.49,6431
20090824,CMA,27.3,27.82,26.49,26.66,26876
20090824,CMCSA,15.07,15.27,15.01,15.1,187294
20090824,CME,276.28,278.765,267,268.05,10267
20090824,CMI,47.5,47.97,46.64,46.74,14451
20090824,CMS,13.64,13.68,13.43,13.58,39461
20090824,CNP,12.8,12.88,12.7,12.81,27896
20090824,CNX,41.39,42.07,40.64,40.93,22554
20090824,COF,37.59,37.95,36.37,36.45,94683
20090824,COG,37.98,38.39,37.4,37.71,12772
20090824,COH,28.82,28.88,27.96,28.03,44338
20090824,COL,44.38,45.41,43.92,44.76,11344
20090824,COP,44.54,45.41,44.44,45.31,170493
20090824,COST,48.68,48.78,48.01,48.12,28395
20090824,CPB,31.22,31.22,30.87,31.11,9669
20090824,CPWR,7.37,7.48,7.32,7.45,21930
20090824,CRM,54.2,55,52.2,52.78,43885
20090824,CSC,49.84,50,49.43,49.67,6747
20090824,CSCO,22.21,22.64,21.93,22.06,527027
20090824,CSX,45.24,45.8,44.18,44.5,60517
20090824,CTAS,27.71,27.74,27.42,27.58,6670
20090824,CTL,31.87,31.95,31.46,31.8,25553
20090824,CTSH,34.63,35.065,34.49,34.77,28948
20090824,CTXS,35.49,35.61,35.05,35.18,11744
20090824,CVG,10.85,11.1,10.81,10.97,6922
20090824,CVH,22.96,23,22.56,22.88,16316
20090824,CVS,36.01,36.05,35.75,35.94,79712
20090824,CVX,70.1,70.94,69.91,70.76,97489
20090824,D,34.33,34.45,34.1,34.44,23264
20090824,DD,32.9,33.19,32.2018,32.33,46045
20090824,DE,45.1,46.21,44.99,45.35,45576
20090824,DELL,14.79,15.27,14.69,14.78,365918
20090824,DF,18.17,18.25,17.66,17.92,19673
20090824,DFS,14.16,14.21,13.565,13.72,106455
20090824,DGX,55.13,55.36,54.6,55.3,8301
20090824,DHI,12.85,13,12.61,12.67,71231
20090824,DHR,61.99,62.54,61.73,62.31,25612
20090824,DIS,26.99,27.12,26.73,26.8,93563
20090824,DNB,75,75.05,74.23,74.34,4038
20090824,DNR,16.94,17.17,16.79,16.88,26821
20090824,DO,90.4,92.14,90.29,91.56,15508
20090824,DOV,35.71,35.98,35.33,35.56,11993
20090824,DOW,22.68,23,22.11,22.27,80972
20090824,DPS,27.35,27.83,27.27,27.69,25710
20090824,DRI,33.45,33.68,33.04,33.25,30010
20090824,DTE,35.62,35.62,35.1,35.35,6871
20090824,DTV,24.68,25,24.64,24.94,87642
20090824,DUK,15.65,15.7,15.57,15.7,46380
20090824,DV,53.02,53.02,52.1,52.35,4488
20090824,DVA,52.57,52.57,51.76,52.01,4456
20090824,DVN,64.95,65.24,63.9,64.39,28812
20090824,DYN,2.01,2.04,1.98,1.98,99800
20090824,EBAY,22.11,22.41,22.07,22.23,106303
20090824,ECL,43.03,43.1,42.25,42.29,14624
20090824,ED,40.55,40.6,40.21,40.58,15896
20090824,EFX,27.97,28.19,27.84,27.91,8365
20090824,EIX,34.17,34.18,33.78,33.87,28482
20090824,EK,4.44,4.49,4.3,4.32,34305
20090824,EL,35.83,36.16,35.49,35.61,7511
20090824,EMC,15.24,15.4,15.03,15.11,157865
20090824,EMN,55.65,55.65,53.49,53.86,9531
20090824,EMR,36.13,36.615,36.06,36.5,54863
20090824,EOG,76.56,76.92,75.33,75.83,13652
20090824,EP,9.76,10.01,9.72,9.95,169455
20090824,EQR,27.78,28.07,27.3,27.45,34075
20090824,EQT,41.8,41.98,41.02,41.69,11831
20090824,ERTS,19.56,19.75,19.131,19.45,56358
20090824,ESRX,71.33,72.31,70.57,72.22,24713
20090824,ESV,39.45,39.65,38.89,39.3,14271
20090824,ETFC,1.43,1.44,1.36,1.37,461248
20090824,ETN,55.47,55.94,54.86,55.06,7438
20090824,ETR,81.89,82.39,81.14,81.72,11697
20090824,EXC,51.62,51.8301,50.96,51.19,30884
20090824,EXPD,33.28,33.77,32.96,33.33,17571
20090824,EXPE,22.95,23.17,22.16,22.3,31582
20090824,F,7.75,7.81,7.31,7.41,935814
20090824,FAST,37.03,37.35,36.36,36.43,8245
20090824,FCX,66.62,67.46,65.1,65.44,146568
20090824,FDO,29.72,29.72,29.15,29.23,17908
20090824,FDX,67.99,68.77,67.64,67.84,18280
20090824,FE,45.34,45.87,45.25,45.65,12781
20090824,FHN,13.77,13.94,13.24,13.35,27079
20090824,FII,27.11,27.2201,26.501,26.58,5574
20090824,FIS,24.94,25.17,24.85,25.01,25462
20090824,FISV,49.19,49.46,48.97,49.3,11608
20090824,FITB,11.07,11.2,10.39,10.52,250755
20090824,FLIR,22.91,23.25,22.82,22.95,14030
20090824,FLR,56.33,57,55.19,55.48,20859
20090824,FLS,91.47,91.47,89.3,89.9,15198
20090824,FO,40.57,40.86,39.88,40.05,4748
20090824,FPL,58.32,58.44,57.7,58.17,14209
20090824,FRX,28.94,29.1,28.75,28.95,12791
20090824,FTI,48.43,49.36,48.24,48.66,9931
20090824,FTR,7.09,7.1,7.01,7.02,26873
20090824,GAS,37.96,38,37.53,37.72,3340
20090824,GCI,8.19,8.38,8.07,8.17,65026
20090824,GD,58.78,58.98,58.33,58.74,17813
20090824,GE,14.36,14.5001,14.05,14.2,855979
20090824,GENZ,53.2,53.97,53.15,53.51,22258
20090824,GILD,45.99,46.18,45.56,46,59656
20090824,GIS,59.46,59.58,58.93,59.32,15760
20090824,GLW,16.2,16.24,15.87,15.92,82482
20090824,GME,23.21,23.25,22.3,22.56,73746
20090824,GNW,8.57,8.85,8.15,8.44,176856
20090824,GOOG,467.08,470.09,464.425,468.73,24593
20090824,GPC,38.84,38.86,38.12,38.15,8467
20090824,GPS,19.42,19.56,19.12,19.36,86390
20090824,GR,57.12,57.98,56.8,57.16,7718
20090824,GS,164.36,166.26,162.58,162.58,91570
20090824,GT,17.99,18.4,16.84,17.03,66892
20090824,GWW,90,90.29,88.57,88.87,5183
20090824,HAL,25.45,25.58,25.08,25.28,151462
20090824,HAR,28.26,29,27.03,27.1,14840
20090824,HAS,27.05,27.38,26.97,27.25,29050
20090824,HBAN,4.7,4.73,4.36,4.41,275755
20090824,HCBK,13.45,13.5,13.09,13.18,62582
20090824,HCN,43.33,43.53,42.42,42.47,18968
20090824,HCP,28.66,28.85,27.82,27.95,40083
20090824,HD,27.73,27.73,26.94,27.03,162378
20090824,HES,53.21,53.66,52.46,52.6,38788
20090824,HIG,21.27,22.35,20.9,21.05,195059
20090824,HNZ,39.16,39.35,38.776,39.03,25548
20090824,HOG,22.31,22.55,21.51,21.62,26904
20090824,HON,36.39,37.41,36.32,37.27,78997
20090824,HOT,30.69,31.23,30,30.16,26485
20090824,HPQ,44.83,45.12,44.53,44.79,151223
20090824,HRB,17.66,17.73,17.43,17.62,17430
20090824,HRL,37.9,37.9,37.19,37.38,6626
20090824,HRS,35.32,35.47,35,35.29,9916
20090824,HSP,40.5,40.55,40,40.13,4799
20090824,HST,10.72,10.79,10.35,10.42,105059
20090824,HSY,39.57,39.64,39.08,39.37,7891
20090824,HUM,36.49,37.25,36.16,36.93,21121
20090824,IBM,119.92,120.88,119.1,119.32,63650
20090824,ICE,96.74,98.58,94.11,94.28,19766
20090824,IFF,36.49,36.78,36.04,36.1,3827
20090824,IGT,20.76,21.12,20.26,20.5,40054
20090824,INTC,18.88,19,18.66,18.76,387095
20090824,INTU,28.61,28.69,28.12,28.5,51358
20090824,IP,21.4,21.68,20.75,20.88,93921
20090824,IPG,6.48,6.58,6.38,6.44,64236
20090824,IRM,29.7,29.86,29.34,29.39,5073
20090824,ISRG,232.76,236.2,229.81,230.87,5700
20090824,ITT,51.14,51.362,50.84,51.06,9267
20090824,ITW,42.53,42.75,41.9,42.03,38106
20090824,IVZ,20.6,20.8,20.04,20.14,29667
20090824,JAVA,9.35,9.36,9.32,9.32,77967
20090824,JBL,10.77,10.97,10.51,10.56,35844
20090824,JCI,25.55,25.83,24.56,24.59,50811
20090824,JCP,31.46,31.46,30.63,30.73,28241
20090824,JDSU,6.55,6.76,6.51,6.57,44480
20090824,JEC,47.15,47.75,46.5,46.68,12144
20090824,JNJ,61.18,61.28,60.69,61.28,105006
20090824,JNPR,24.58,24.65,23.84,23.96,91692
20090824,JNS,13.86,14.05,13.25,13.46,28552
20090824,JPM,43.86,44.24,42.95,43.01,403851
20090824,JWN,28.14,28.57,28.02,28.1,47777
20090824,K,47.43,47.43,46.9,47.13,11628
20090824,KBH,17.93,18,17.35,17.5,30010
20090824,KEY,6.77,6.97,6.35,6.41,258109
20090824,KFT,28.83,28.83,28.32,28.4,99240
20090824,KG,10.45,10.52,10.28,10.37,31618
20090824,KIM,12.16,12.33,11.88,11.91,71821
20090824,KLAC,31.31,31.7,30.82,30.97,27935
20090824,KMB,59.6,59.75,59.06,59.27,20966
20090824,KO,49.8,49.8,48.81,49.06,108723
20090824,KR,21.4,21.53,21.23,21.3,78172
20090824,KSS,52.43,52.48,51.52,51.63,28483
20090824,L,33.4,33.88,33.31,33.47,20621
20090824,LEG,18.96,19,18.58,18.7,13918
20090824,LEN,14.69,15.24,14.5,14.57,75005
20090824,LH,70.18,70.18,69.56,69.87,4947
20090824,LIFE,46.25,46.5,45.76,46.11,9469
20090824,LLL,74.945,75.03,74.32,74.91,4967
20090824,LLTC,27.03,27.37,26.62,26.7,24288
20090824,LLY,33.57,33.9,33.38,33.73,56029
20090824,LM,28.94,29,28.03,28.18,12272
20090824,LMT,75.27,75.27,73.7304,74.71,40851
20090824,LNC,25.24,26.37,24.65,24.89,81601
20090824,LO,75.25,78.16,74.92,78.04,25859
20090824,LOW,21.17,21.42,20.66,20.72,137802
20090824,LSI,5.07,5.2,5.05,5.08,55204
20090824,LTD,15.38,15.47,15.04,15.08,38253
20090824,LUK,25.73,26.11,25.26,25.32,5259
20090824,LUV,8.77,8.88,8.46,8.47,123734
20090824,LXK,17.28,17.45,17.12,17.28,21435
20090824,M,15.41,15.61,15.27,15.32,78119
20090824,MA,208.05,209.78,203.16,204.23,11757
20090824,MAR,24.84,25.24,24.31,24.43,41449
20090824,MAS,14.4,14.63,14.25,14.36,40081
20090824,MAT,18.18,18.38,18.03,18.15,15990
20090824,MBI,5.58,5.79,5.36,5.42,51009
20090824,MCD,56.38,56.38,55.7,55.91,66395
20090824,MCHP,26.79,26.92,26.3,26.41,24576
20090824,MCK,56.51,56.67,56.04,56.37,18954
20090824,MCO,26.06,27.3,26.06,26.64,41548
20090824,MDP,28,28.53,27.79,28,4191
20090824,MDT,38.02,38.12,37.63,38,63987
20090824,MEE,31,31.33,30.35,30.46,35574
20090824,MET,39.22,40.24,38.58,38.8,58298
20090824,MFE,41.09,41.52,40.8,40.94,18800
20090824,MHP,29.63,30.86,29.44,30.71,37296
20090824,MHS,55.93,56.39,55.3,56.17,23109
20090824,MI,7.39,7.5,6.91,6.97,91649
20090824,MIL,67.7,67.79,66.87,67.17,3409
20090824,MKC,32.74,32.74,32.25,32.54,3175
20090824,MMC,23.92,24.12,23.46,23.49,36500
20090824,MMM,72.74,73,72.01,72.56,25080
20090824,MO,18.14,18.45,18.05,18.33,167211
20090824,MOLX,18.3,18.74,18.26,18.43,14393
20090824,MON,84.47,84.9,83.29,83.71,26256
20090824,MOT,7.53,7.63,7.41,7.48,216654
20090824,MRK,32.99,33,32.3109,32.5,135760
20090824,MRO,32.02,32.3,31.73,31.91,40953
20090824,MS,29.92,30.49,29.55,29.65,162842
20090824,MSFT,24.37,24.7326,24.28,24.64,541808
20090824,MTB,61.64,61.64,60.44,60.85,10696
20090824,MTW,6.91,7.11,6.83,6.85,35901
20090824,MU,7.11,7.25,7.06,7.09,106520
20090824,MUR,59.86,61.28,59.7,60.66,17444
20090824,MWV,22.13,22.57,21.85,21.94,22530
20090824,MWW,15.46,15.82,15.39,15.44,13062
20090824,MYL,14.42,14.7,14.4,14.63,78940
20090824,NBL,62.25,62.92,61.9775,62.37,12680
20090824,NBR,18.81,19.47,18.81,19.18,75552
20090824,NDAQ,20.99,21.28,20.61,20.67,22081
20090824,NEM,40.88,41.49,39.88,39.94,65111
20090824,NI,13.68,13.68,13.45,13.58,16510
20090824,NKE,55.7,56.25,55.56,56,38094
20090824,NOC,50.01,50.1,49.06,49.56,24571
20090824,NOV,39.93,40.5,39.31,39.63,46041
20090824,NOVL,4.7,4.81,4.69,4.79,25792
20090824,NSC,47.63,48,46.55,47.01,26302
20090824,NSM,15.3,15.3,14.61,14.68,80190
20090824,NTAP,21.99,22.08,21.5,21.93,115438
20090824,NTRS,60.29,60.9,59.13,59.3,17473
20090824,NU,24.34,24.43,24.18,24.39,7697
20090824,NUE,47.84,48.15,46.61,46.77,42712
20090824,NVDA,13.87,14,13.46,13.54,115369
20090824,NVLS,17.58,17.98,17.48,17.72,72446
20090824,NWL,13.71,13.71,13.32,13.49,38348
20090824,NWSA,11.16,11.33,10.98,11.08,94231
20090824,NYT,8.08,8.12,7.96,8,9303
20090824,NYX,28.13,28.37,27.62,27.68,29183
20090824,ODP,5.47,5.5,5.15,5.21,77706
20090824,OI,35.05,35.57,34.73,34.99,21318
20090824,OMC,36.61,37.55,36.57,36.94,20537
20090824,ORCL,22.1,22.49,22.04,22.32,222187
20090824,ORLY,38.3,38.35,37.27,37.29,16772
20090824,OXY,75.18,76,74.57,75.19,47930
20090824,PAYX,28.34,28.64,28.28,28.52,21533
20090824,PBCT,16.49,16.55,16.3,16.34,37226
20090824,PBG,35.97,36.05,35.8,35.93,12736
20090824,PBI,22.5,22.72,22.38,22.61,14821
20090824,PCAR,37.14,37.75,36.69,36.91,23583
20090824,PCG,40.68,40.79,40.26,40.57,22457
20090824,PCL,31.55,31.64,30.51,30.61,23597
20090824,PCP,87.17,88.79,86.71,87.88,8674
20090824,PCS,8.1,8.11,7.94,8,29858
20090824,PDCO,27.58,27.98,27.32,27.65,13640
20090824,PEG,32.9,33.03,32.42,32.73,24964
20090824,PEP,57.69,57.78,57.06,57.45,56899
20090824,PFE,16.73,16.79,16.61,16.73,311714
20090824,PFG,28.12,28.69,27.65,27.85,50478
20090824,PG,53.77,53.92,52.97,53.34,117818
20090824,PGN,39.49,39.69,39.25,39.68,11330
20090824,PGR,16.77,17.03,16.75,16.79,25499
20090824,PH,49.6,50.5,49.46,49.74,10779
20090824,PHM,12.77,13.08,12.52,12.62,75330
20090824,PKI,18.29,18.46,18.14,18.26,8922
20090824,PLD,10.32,10.5,10.02,10.27,124638
20090824,PLL,30.76,31.1,30.59,30.77,5157
20090824,PM,46.67,47.56,46.67,47.43,63905
20090824,PNC,42.42,43.1,40.78,41.11,78745
20090824,PNW,33.55,33.55,33.11,33.36,5617
20090824,POM,14.71,14.72,14.43,14.55,17952
20090824,PPG,54.88,55.23,54.01,54.15,9693
20090824,PPL,29.49,29.85,29,29.57,21832
20090824,PRU,50.74,51.46,49.12,49.46,42254
20090824,PSA,71.07,71.44,70.24,70.55,19051
20090824,PTV,26.3,26.3,25.29,25.38,13791
20090824,PWR,23.13,23.55,23.01,23.12,18011
20090824,PX,79.05,79.4,77.21,77.46,17170
20090824,PXD,31.41,32.11,31.15,31.49,22818
20090824,Q,3.8,3.81,3.72,3.73,118923
20090824,QCOM,46.87,47.5,46.86,47.41,116223
20090824,QLGC,14.59,14.76,14.33,14.36,33372
20090824,R,40.11,40.6,39.27,39.47,6208
20090824,RAI,46.27,46.95,46.21,46.74,21211
20090824,RDC,22.44,22.49,22.02,22.1,42906
20090824,RF,6.02,6.11,5.65,5.7,497067
20090824,RHI,26.61,26.765,26.26,26.36,7437
20090824,RHT,22.35,22.44,22.05,22.27,10450
20090824,RL,67.03,67.87,66.11,66.22,12367
20090824,ROK,40.52,40.79,39.83,39.93,7810
20090824,RRC,52.23,52.85,51.9,52.29,21768
20090824,RRD,18.05,18.19,17.58,17.81,19892
20090824,RSG,26.15,26.23,25.8,25.9,11271
20090824,RSH,15.31,15.45,15,15.21,34574
20090824,RTN,48.39,48.4,47.87,47.99,51683
20090824,RX,13.95,14,13.75,13.85,18686
20090824,S,3.92,3.92,3.8,3.83,397348
20090824,SBUX,19.74,19.85,19.11,19.24,109927
20090824,SCG,34.78,34.89,34.67,34.83,7546
20090824,SCHW,18.19,18.23,17.83,17.87,80486
20090824,SE,19.2,19.3,19.06,19.27,25770
20090824,SEE,18.89,18.97,18.55,18.61,7169
20090824,SGP,28.39,28.39,27.99,28.1,93485
20090824,SHLD,63.39,65.68,63,63.94,32332
20090824,SHW,62.19,62.55,60.92,61.05,10838
20090824,SIAL,52.37,52.6,51.84,51.95,4950
20090824,SII,29.41,29.85,29.0899,29.32,34660
20090824,SJM,54.3,54.58,52.84,53.16,10239
20090824,SLB,57.58,58.3,56.88,57.34,93257
20090824,SLE,9.72,9.79,9.58,9.72,63485
20090824,SLM,8.8,9.4197,8.75,9.17,85471
20090824,SNA,37.97,38.5,37.83,37.97,4503
20090824,SNDK,16.95,17.49,16.88,17.12,55042
20090824,SNI,33.73,34.07,33.41,33.55,3714
20090824,SO,31.53,31.64,31.3473,31.58,26806
20090824,SPG,62.32,63.45,61.07,61.31,35436
20090824,SPLS,22.58,22.89,22.16,22.19,131342
20090824,SRCL,51.33,51.69,51.08,51.29,4926
20090824,SRE,51.4,51.75,51.17,51.24,9800
20090824,STI,22.92,23.51,21.67,21.79,189827
20090824,STJ,38.02,38.13,37.54,37.92,13988
20090824,STR,35.01,35.53,34.9,35.18,11701
20090824,STT,53.86,54.64,53.08,53.3,42825
20090824,STZ,14.93,14.98,14.81,14.95,22376
20090824,SUN,26.4,26.59,26.01,26.12,33144
20090824,SVU,14.6,14.65,14.27,14.37,23104
20090824,SWK,42.15,42.53,41.71,41.83,7296
20090824,SWN,41.49,41.93,40.99,41.25,43184
20090824,SWY,19.28,19.28,18.86,18.9,51197
20090824,SYK,41.61,42,41.17,41.56,18951
20090824,SYMC,15.45,15.62,15.36,15.44,58809
20090824,SYY,25.2,25.48,25.11,25.33,35804
20090824,T,26.18,26.28,26,26.14,179959
20090824,TAP,46.28,46.31,45.86,46.07,5786
20090824,TDC,26.37,26.63,25.92,25.98,10607
20090824,TE,13.61,13.73,13.54,13.68,13995
20090824,TEG,35.51,36.0604,35.5,35.86,5223
20090824,TER,8.2,8.36,8.11,8.15,54160
20090824,TGT,45.89,45.89,45.09,45.17,65388
20090824,THC,4.65,4.66,4.5,4.57,61174
20090824,TIE,8.31,8.45,8.12,8.19,17570
20090824,TIF,32.53,33.43,32.23,32.32,24239
20090824,TJX,35.84,36.03,35.31,35.38,39256
20090824,TLAB,6.68,6.76,6.57,6.63,71138
20090824,TMK,42.53,43.31,41.35,41.75,8553
20090824,TMO,45.98,46.05,45.27,45.34,30035
20090824,TROW,46.62,47.21,45.91,45.98,16813
20090824,TRV,48.43,48.99,47.835,47.95,43611
20090824,TSN,11.84,12.15,11.8,12.1,44248
20090824,TSO,13.6,13.81,13.42,13.64,45027
20090824,TSS,15.49,15.49,15.33,15.37,6238
20090824,TWC,35.75,36,35.43,35.65,27415
20090824,TWX,28.31,28.93,28.08,28.73,91495
20090824,TXN,24.63,24.88,24.15,24.2,107954
20090824,TXT,14.71,15.07,14.52,14.75,56599
20090824,UNH,29.09,29.72,28.55,29.69,119079
20090824,UNM,22.02,22.44,21.84,21.98,36537
20090824,UNP,62.05,62.3,60.79,61.22,28100
20090824,UPS,53.59,53.95,53.24,53.52,25649
20090824,USB,22.44,22.82,21.65,21.72,162892
20090824,UTX,58.93,59.72,58.77,59.3,57567
20090824,VAR,40.43,40.86,40.29,40.66,16779
20090824,VFC,67.2,67.86,65.85,66.03,9245
20090824,VIA,26.21,26.5,25.9,26.16,622
20090824,VLO,18.85,19.37,18.62,18.91,122894
20090824,VMC,49.76,50.3,48.21,48.61,7673
20090824,VNO,57.04,57.79,55.73,55.99,29243
20090824,VRSN,21.02,21.1,20.64,20.74,41817
20090824,VTR,39.08,39.52,38.45,38.64,28192
20090824,VZ,31.36,31.53,31.26,31.41,86070
20090824,WAG,31.63,31.63,31.26,31.41,44051
20090824,WAT,52.02,52.02,51.38,51.48,5866
20090824,WDC,32.86,33.228,32.3221,32.4,29269
20090824,WEC,45.92,45.92,45.33,45.64,6711
20090824,WFC,28.17,28.54,27.2,27.32,516422
20090824,WFMI,28.98,29,28,28.13,14343
20090824,WFR,17.1,17.3,16.7,16.77,29041
20090824,WHR,63.93,64.82,63.33,63.98,18641
20090824,WIN,8.61,8.67,8.6,8.63,25749
20090824,WLP,54.95,54.95,54.25,54.76,27609
20090824,WM,30.08,30.38,30,30.24,16000
20090824,WMB,17.51,17.7,17.25,17.42,40754
20090824,WMT,51.52,51.7,51.15,51.55,116200
20090824,WPI,35.4,35.56,35.11,35.2,9200
20090824,WPO,461.5,461.5,445.01,452.34,918
20090824,WU,18.6,18.73,18.51,18.53,47094
20090824,WY,37.29,37.45,36.11,36.32,13971
20090824,WYE,48.06,48.15,47.87,48.12,71082
20090824,WYN,16.33,16.5,15.71,15.82,30507
20090824,WYNN,57.91,58.5248,55.21,55.5,36716
20090824,X,45.5,46.145,44.82,45,104371
20090824,XEL,19.88,19.95,19.77,19.91,17802
20090824,XL,16,16.61,15.88,16.35,94850
20090824,XLNX,22.38,22.77,22.18,22.3,57075
20090824,XOM,70.04,71.65,69.93,71.3,256036
20090824,XRAY,34.9,35.07,34.39,34.61,6499
20090824,XRX,8.48,8.61,8.45,8.56,45643
20090824,XTO,41.63,41.8,40.95,41.13,37588
20090824,YHOO,14.89,15.19,14.83,14.99,261709
20090824,YUM,36.02,36.16,35.1,35.15,32212
20090824,ZION,18.35,18.75,17.47,17.57,66800
20090824,ZMH,48.44,49,47.86,47.96,21776
20090825,A,25.5,25.7,25.225,25.34,30891
20090825,AA,12.57,12.66,12.3,12.35,246836
20090825,AAPL,169.43,170.94,169.13,169.4,115840
20090825,ABC,20.85,21.05,20.8,20.93,18321
20090825,ABT,46.02,46.31,45.9,45.92,69281
20090825,ACS,45.87,45.93,45.45,45.49,8212
20090825,ADBE,32.63,32.97,32.33,32.67,38613
20090825,ADI,28.08,28.49,28.07,28.37,51873
20090825,ADM,28.37,28.63,27.7,27.74,58042
20090825,ADP,39.03,39.5,38.92,38.99,32324
20090825,ADSK,24.18,24.47,24,24.28,29851
20090825,AEE,27.29,27.5,27.14,27.29,16420
20090825,AEP,31.62,31.83,31.23,31.26,28073
20090825,AES,14.46,14.63,13.99,14.01,69468
20090825,AET,30.05,30.42,29.62,29.77,83075
20090825,AFL,41.41,42.06,41.23,41.75,39874
20090825,AGN,55.88,56.47,55.74,55.85,14321
20090825,AIG,34.67,34.75,33.61,33.97,176934
20090825,AIV,12.17,12.5,12.09,12.3,28050
20090825,AIZ,29.62,30.04,29.54,29.74,10274
20090825,AKAM,18.26,18.2899,17.77,17.84,35825
20090825,AKS,21.34,21.54,20.93,21.05,78232
20090825,ALL,28.92,29.61,28.9,28.96,31966
20090825,ALTR,19.13,19.39,18.95,19.05,48539
20090825,AMAT,13.48,13.61,13.19,13.25,217652
20090825,AMD,4.13,4.14,4.02,4.02,280649
20090825,AMGN,60.27,60.98,60.12,60.36,61508
20090825,AMP,29.99,30.62,29.79,30.36,26958
20090825,AMT,33.02,33.2,32.48,32.52,23387
20090825,AMZN,84.68,86.34,83.95,84.19,47945
20090825,AN,18.57,19.89,18.57,19.57,30200
20090825,ANF,32.31,33.92,32.17,33.08,27530
20090825,AOC,42.29,42.42,41.87,42,16592
20090825,APA,88.67,89.24,85.81,86.26,29488
20090825,APC,54.89,55,53.75,54.01,48469
20090825,APD,76.31,77,75.39,75.57,7509
20090825,APH,33.92,34.21,33.66,33.75,10476
20090825,APOL,65.31,66.64,64.93,65.69,21876
20090825,ATI,29.81,30,28.25,28.4,27416
20090825,AVB,65.06,65.56,64.23,64.5,12659
20090825,AVP,32.29,32.9,31.87,32.75,31259
20090825,AVY,31.19,31.69,30.9,31.37,11131
20090825,AXP,33.09,33.33,32.5,32.82,113895
20090825,AYE,25.81,25.99,25.67,25.74,23247
20090825,AZO,151.27,151.81,149.69,149.98,8689
20090825,BA,47.5,48.77,47.28,48.25,82480
20090825,BAC,17.56,18,17.55,17.75,2388167
20090825,BAX,56.68,57.38,56.5,56.89,27671
20090825,BBBY,35.38,36.84,35.38,36.73,41393
20090825,BBT,27.57,27.93,27.32,27.49,73940
20090825,BBY,36.14,37.43,35.97,36.91,80634
20090825,BCR,76.61,78.8,76.24,77.69,21095
20090825,BDK,45.47,46.71,45.18,45.34,11353
20090825,BDX,68.96,69.49,68.68,68.92,15361
20090825,BEN,93.75,95.93,93.63,95.19,14882
20090825,BF.B,44.96,45.5,44.87,45.12,2523
20090825,BHI,39.52,39.74,38.05,38.3,37947
20090825,BIG,25.38,26.7,25.23,25.6,70399
20090825,BIIB,49.7,49.9,49.29,49.71,19655
20090825,BJS,15.55,15.67,15.1,15.24,51241
20090825,BK,29.16,29.67,28.93,29.39,85207
20090825,BLL,49.78,49.99,49.27,49.63,6201
20090825,BMC,35.67,35.89,35.26,35.3,18314
20090825,BMS,26.71,27.08,26.67,26.69,4422
20090825,BMY,22.5,23.17,22.49,22.95,139583
20090825,BNI,84.41,85.74,83.64,83.84,21324
20090825,BRCM,27.82,28.02,27.41,27.7,68298
20090825,BSX,11.46,11.67,11.41,11.57,96902
20090825,BTU,36.4,36.74,34.61,34.88,55499
20090825,BXP,59.63,60.96,59.33,59.56,20188
20090825,C,4.88,4.9,4.67,4.75,9731650
20090825,CA,22.98,23.05,22.65,22.83,46413
20090825,CAG,20.31,20.49,20.19,20.41,35883
20090825,CAH,35.49,35.61,34.17,34.5,58635
20090825,CAM,37.19,37.39,35.9,36.32,42284
20090825,CAT,47.79,48.33,47.36,47.83,95762
20090825,CB,48.85,49.27,48.58,48.61,27624
20090825,CBE,32.54,33.47,32.4,33.29,26826
20090825,CBG,11.78,12.27,11.77,11.82,43775
20090825,CBS,11.12,11.23,10.92,11.15,102461
20090825,CCE,20.39,20.6,20.18,20.52,29834
20090825,CCL,31.3,31.32,30.71,31.06,53427
20090825,CEG,31.29,31.55,30.98,31.02,11830
20090825,CELG,53.05,54.07,52.91,53.39,34095
20090825,CEPH,56.51,57.15,56.13,56.31,19451
20090825,CF,84,84.48,81.78,82.19,4896
20090825,CHK,24.09,24.23,23.31,23.35,99893
20090825,CHRW,57.82,58.3399,57.16,57.6,13025
20090825,CI,30.01,30.5,29.83,30.4,37459
20090825,CIEN,13.3,13.38,12.8,12.96,41321
20090825,CINF,24.95,25.34,24.88,25.11,16846
20090825,CL,72.95,73.42,72.63,73.09,21285
20090825,CLX,58.5,59.05,58.23,58.98,11838
20090825,CMA,26.84,27.31,26.03,26.29,39257
20090825,CMCSA,15.13,15.52,15.1,15.21,264942
20090825,CME,269,270.8399,267.01,268.55,5528
20090825,CMI,47.19,48.3,46.86,48,20768
20090825,CMS,13.65,13.69,13.49,13.53,28166
20090825,CNP,12.88,12.94,12.76,12.77,17638
20090825,CNX,41.53,41.91,39.59,39.82,23843
20090825,COF,36.86,36.91,36.07,36.37,77773
20090825,COG,38,38.2298,36.51,36.7,13873
20090825,COH,28.34,29.44,28.02,29.26,51933
20090825,COL,45.08,45.36,44.72,45.06,12374
20090825,COP,45.5,45.83,44.87,45.03,117706
20090825,COST,48.74,50.08,48.46,49.62,62594
20090825,CPB,31.2,31.39,31.05,31.17,11745
20090825,CPWR,7.44,7.46,7.3,7.42,24641
20090825,CRM,51.39,52.99,51.39,52.3,30691
20090825,CSC,50,50.25,49.57,49.94,8586
20090825,CSCO,22.11,22.25,21.85,22,284097
20090825,CSX,45.04,45.77,44.4,44.44,49520
20090825,CTAS,27.65,28.02,27.256,27.64,11827
20090825,CTL,31.98,32.61,31.82,32.2,32392
20090825,CTSH,34.86,35.54,34.66,35.5,46711
20090825,CTXS,35.38,35.65,35.04,35.56,23110
20090825,CVG,11.02,11.24,10.97,11.12,6236
20090825,CVH,22.84,23.14,22.66,23.01,20853
20090825,CVS,36.01,37.125,35.79,36.89,151259
20090825,CVX,71.13,71.5,70.36,70.65,113940
20090825,D,34.49,34.65,34.27,34.31,25136
20090825,DD,32.53,33.19,32.26,32.4,53206
20090825,DE,45.57,46.76,45.29,46.31,51042
20090825,DELL,14.91,14.98,14.5,14.57,261958
20090825,DF,18,18.15,17.78,17.99,17852
20090825,DFS,13.85,14.02,13.56,13.62,76030
20090825,DGX,55.23,55.92,55.09,55.38,14972
20090825,DHI,12.81,13.35,12.81,13.05,62617
20090825,DHR,62.62,63.38,62.24,62.81,24050
20090825,DIS,26.98,27.3,26.8,26.87,114278
20090825,DNB,74.91,75.07,73.85,74.26,4558
20090825,DNR,16.08,16.49,15.45,15.74,57609
20090825,DO,92.28,92.3,89.05,90.34,18404
20090825,DOV,35.86,36.26,35.46,36.01,16793
20090825,DOW,22.5,22.73,21.5,21.56,151784
20090825,DPS,27.65,27.91,27.26,27.39,29305
20090825,DRI,33.45,33.98,33.26,33.6,21703
20090825,DTE,35.38,35.7,35.1928,35.42,7031
20090825,DTV,24.93,25.2,24.83,24.95,91560
20090825,DUK,15.66,15.74,15.6,15.62,49434
20090825,DV,52.76,53.29,51.91,52.33,5696
20090825,DVA,52.06,52.24,51.56,51.98,4601
20090825,DVN,64.67,65,62.66,62.88,37209
20090825,DYN,2.01,2.02,1.89,1.91,105566
20090825,EBAY,22.28,22.52,22.09,22.31,107875
20090825,ECL,42.48,42.68,41.92,42,17624
20090825,ED,40.59,40.73,40.31,40.43,13403
20090825,EFX,28.09,28.25,27.76,27.79,9310
20090825,EIX,34.13,34.31,33.81,33.84,21646
20090825,EK,4.37,4.61,4.33,4.56,89693
20090825,EL,35.72,36.28,35.53,35.94,8682
20090825,EMC,15.11,15.26,15.09,15.19,150594
20090825,EMN,54.68,54.73,53.71,54.3,8308
20090825,EMR,36.53,37.71,36.4601,37.57,87472
20090825,EOG,76.17,76.87,74.2,74.41,19067
20090825,EP,9.98,10.12,9.81,9.84,118005
20090825,EQR,27.8,28.18,27.16,27.36,48859
20090825,EQT,41.97,42.12,40.98,41.3,9629
20090825,ERTS,19.47,19.56,18.7,18.85,91485
20090825,ESRX,72.33,73.4,71,72.91,31255
20090825,ESV,39.5,39.6,38.13,38.52,19423
20090825,ETFC,1.38,1.39,1.34,1.35,266104
20090825,ETN,55.49,56.46,55.253,55.78,10863
20090825,ETR,81.795,82.34,81.6,81.79,16721
20090825,EXC,51.28,51.53,50.8,50.87,38367
20090825,EXPD,33.58,33.77,33.04,33.25,26036
20090825,EXPE,22.29,23.11,22.2015,22.85,33973
20090825,F,7.43,7.65,7.43,7.59,535456
20090825,FAST,36.79,37.272,36.45,36.56,16028
20090825,FCX,65.59,66.2,63.56,64.11,157136
20090825,FDO,29.3,30.04,29.24,29.79,18976
20090825,FDX,68.4,69.3,68.1,68.26,27197
20090825,FE,45.71,45.88,45.26,45.29,16309
20090825,FHN,13.45,13.71,13.4,13.64,29104
20090825,FII,26.71,26.89,26.38,26.66,6929
20090825,FIS,25.08,25.32,24.9,24.98,24190
20090825,FISV,49.67,49.75,49.199,49.5,14434
20090825,FITB,10.7,10.85,10.55,10.74,204158
20090825,FLIR,23.01,23.24,22.765,22.88,10422
20090825,FLR,56.13,56.5,54.67,54.96,22808
20090825,FLS,90.47,91.17,88.56,89.53,12942
20090825,FO,40.41,41.77,40.41,41.29,7771
20090825,FPL,58.45,58.5,57.77,57.82,19971
20090825,FRX,29.06,29.06,28.51,28.88,35004
20090825,FTI,48.99,48.99,47.65,48.16,11411
20090825,FTR,7.02,7.18,7.02,7.14,34559
20090825,GAS,37.99,38.08,37.46,37.51,3683
20090825,GCI,8.27,8.44,8.21,8.35,60336
20090825,GD,59.01,59.72,58.63,58.71,19038
20090825,GE,14.23,14.44,14.2,14.3,771192
20090825,GENZ,54.71,56.26,54.25,55.48,55851
20090825,GILD,45.97,46.77,45.72,46.25,57964
20090825,GIS,59.44,59.59,58.71,59.24,15805
20090825,GLW,16.05,16.3,15.9,16.17,100024
20090825,GME,22.67,22.84,22.32,22.43,68326
20090825,GNW,8.6,9.08,8.49,8.78,175789
20090825,GOOG,469.09,474.35,468.72,471.37,23430
20090825,GPC,38.3,38.79,38.06,38.71,10075
20090825,GPS,19.49,20.25,19.35,19.96,114317
20090825,GR,57.55,57.55,56.58,56.86,12499
20090825,GS,163.33,165.3,163.04,164.94,91259
20090825,GT,17.18,17.98,17.18,17.41,47703
20090825,GWW,89.33,90.25,88.7,89.32,5731
20090825,HAL,25.61,25.71,24.34,24.52,152467
20090825,HAR,28.29,29.95,28.16,29.75,42534
20090825,HAS,27.36,27.85,27.22,27.78,21046
20090825,HBAN,4.49,4.58,4.4,4.43,134976
20090825,HCBK,13.23,13.29,12.68,12.82,130930
20090825,HCN,42.66,43.13,42.27,42.4,18082
20090825,HCP,28.07,28.585,27.95,28.38,33172
20090825,HD,27.22,27.725,27,27.32,218487
20090825,HES,52.55,53.15,51.141,51.48,34608
20090825,HIG,21.57,22.73,21.56,22.62,195216
20090825,HNZ,39.07,39.33,38.9415,39.02,26764
20090825,HOG,21.91,22.45,21.75,22.35,29930
20090825,HON,37.56,37.98,37.13,37.52,50458
20090825,HOT,30.43,30.9,30.06,30.33,28969
20090825,HPQ,44.95,45.16,44.5,44.68,180935
20090825,HRB,17.64,17.81,17.54,17.72,28786
20090825,HRL,37.56,37.67,37.21,37.3,5064
20090825,HRS,35.48,35.56,34.85,35.22,8816
20090825,HSP,40.09,40.5,40.05,40.24,6976
20090825,HST,10.4,10.65,10.33,10.4,94758
20090825,HSY,39.3,39.47,39.03,39.21,6155
20090825,HUM,37.11,37.59,36.74,37.16,20256
20090825,IBM,119.25,120.15,118.71,118.83,46537
20090825,ICE,94.84,96.29,92.23,93.37,16747
20090825,IFF,36.21,36.53,35.88,35.9,2978
20090825,IGT,20.75,20.98,20.39,20.67,31729
20090825,INTC,18.76,19.25,18.74,19.1,620600
20090825,INTU,28.52,28.52,28.17,28.32,47100
20090825,IP,21.05,21.64,20.96,21.47,82692
20090825,IPG,6.49,6.61,6.36,6.56,46042
20090825,IRM,29.38,29.83,29.15,29.51,7135
20090825,ISRG,230.81,234.29,228.52,229.42,3852
20090825,ITT,51.5,51.81,51.05,51.23,10411
20090825,ITW,42.38,43.25,42.07,43.05,40427
20090825,IVZ,20.35,20.64,20.02,20.53,50657
20090825,JAVA,9.34,9.35,9.32,9.34,51361
20090825,JBL,10.72,11.09,10.6,10.8,26991
20090825,JCI,24.86,25.15,24.53,25.01,46825
20090825,JCP,31.07,31.74,30.53,31.16,51072
20090825,JDSU,6.64,6.7,6.55,6.57,33753
20090825,JEC,46.7,47.61,46.2,46.4,16017
20090825,JNJ,61.02,61.49,60.85,61.14,108114
20090825,JNPR,24.05,24.12,23.5,23.63,76780
20090825,JNS,13.63,13.69,13.12,13.28,30318
20090825,JPM,43.39,44.14,43.3,43.58,348356
20090825,JWN,28.04,29.29,28.02,29.12,54905
20090825,K,47.15,47.38,46.93,47.05,13249
20090825,KBH,17.85,18.51,17.74,18.08,38776
20090825,KEY,6.56,6.635,6.42,6.48,136818
20090825,KFT,28.61,28.84,28.45,28.6,76726
20090825,KG,10.36,10.5,10.3,10.44,42799
20090825,KIM,11.61,12.48,11.6,12.29,88758
20090825,KLAC,31.14,31.6,30.733,31.24,42491
20090825,KMB,59.26,59.75,59.11,59.56,18421
20090825,KO,49.12,49.15,48.69,48.74,107140
20090825,KR,21.3,21.45,21.1,21.29,86830
20090825,KSS,52.13,53.49,51.37,52.99,50609
20090825,L,33.75,34.37,33.66,34.12,27571
20090825,LEG,18.81,19.19,18.81,18.89,12798
20090825,LEN,14.82,15.42,14.73,14.97,80614
20090825,LH,70.08,70.88,69.73,70.49,7440
20090825,LIFE,45.72,46.38,45.72,45.84,15330
20090825,LLL,75.25,75.5,74.74,74.89,7239
20090825,LLTC,26.76,27.1,26.5,26.66,29251
20090825,LLY,33.76,34.15,33.73,33.87,53690
20090825,LM,28.46,28.86,28.2,28.77,16306
20090825,LMT,75.25,75.96,74.2,74.43,53641
20090825,LNC,25.2,26,24.87,24.98,75939
20090825,LO,78.53,78.57,76.88,77.18,15276
20090825,LOW,21.13,21.24,20.81,21.07,352830
20090825,LSI,5.08,5.16,4.99,5.07,60206
20090825,LTD,15.06,15.8,15.05,15.45,48776
20090825,LUK,25.49,26,25.33,25.6,7705
20090825,LUV,8.51,8.76,8.51,8.68,98427
20090825,LXK,17.41,18.04,17.335,18.01,39186
20090825,M,15.47,16.29,15.29,15.85,140953
20090825,MA,206.89,211.1,206.28,208.93,14855
20090825,MAR,24.64,25.16,24.63,25.01,50622
20090825,MAS,14.51,14.99,14.31,14.61,42312
20090825,MAT,18.22,18.75,18.16,18.48,25516
20090825,MBI,5.62,5.77,5.5,5.65,50246
20090825,MCD,56.18,56.75,56.15,56.45,74463
20090825,MCHP,26.47,26.59,26.15,26.24,23263
20090825,MCK,56.6,57.05,56.37,56.6,21559
20090825,MCO,26.84,27.29,26.68,26.8,20364
20090825,MDP,28.34,28.34,27.93,28,6017
20090825,MDT,37.32,38.15,37.29,37.86,103687
20090825,MEE,30.81,31.2,29.04,29.37,61935
20090825,MET,39.22,40.15,38.94,39.21,68468
20090825,MFE,40.96,41.47,40.91,40.99,11175
20090825,MHP,30.9,31.64,30.51,31.03,33006
20090825,MHS,56.31,56.74,55.94,56.54,22588
20090825,MI,7.01,7.17,6.77,6.89,77928
20090825,MIL,67.31,67.38,66.65,66.81,3552
20090825,MKC,32.57,32.78,32.38,32.47,4585
20090825,MMC,23.65,23.75,23.44,23.5,34488
20090825,MMM,72.62,73.21,72.24,72.68,34419
20090825,MO,18.44,18.44,18.07,18.15,191191
20090825,MOLX,18.44,18.68,18.38,18.44,13021
20090825,MON,84.41,85.15,83.53,83.63,39496
20090825,MOT,7.45,7.6,7.45,7.53,141223
20090825,MRK,32.91,33.05,32.5,32.95,191617
20090825,MRO,31.96,32.18,31.3,31.48,42505
20090825,MS,29.93,30.55,29.92,30.19,153082
20090825,MSFT,24.6,24.82,24.46,24.64,439802
20090825,MTB,61.39,61.66,60,61.33,8121
20090825,MTW,6.59,6.64,6.28,6.51,106365
20090825,MU,7.13,7.25,6.99,7.2,161265
20090825,MUR,60.82,61.36,58.96,59.11,14091
20090825,MWV,22.21,22.69,22.18,22.44,15931
20090825,MWW,15.47,15.95,15.43,15.64,11135
20090825,MYL,14.64,14.75,14.5,14.67,66126
20090825,NBL,62.44,62.95,60.89,61.19,11485
20090825,NBR,19.14,19.33,18.43,18.65,56677
20090825,NDAQ,20.8,21.22,20.73,21.13,21791
20090825,NEM,40.62,41.14,40.12,40.3,47234
20090825,NI,13.64,13.78,13.58,13.62,23568
20090825,NKE,56.29,56.47,55.1,55.16,45812
20090825,NOC,49.92,49.97,49.3,49.36,21322
20090825,NOV,39.83,40.05,38.26,38.5,46753
20090825,NOVL,4.76,4.85,4.71,4.72,18256
20090825,NSC,47.42,47.96,46.76,46.87,24399
20090825,NSM,14.77,14.96,14.62,14.82,52012
20090825,NTAP,21.88,22.42,21.71,21.92,84052
20090825,NTRS,59.28,60.24,58.97,60.11,16627
20090825,NU,24.31,24.53,24.24,24.37,8395
20090825,NUE,47.17,47.72,46.24,46.37,39914
20090825,NVDA,13.58,13.8,13.38,13.66,111026
20090825,NVLS,18,18.515,17.855,18.38,86393
20090825,NWL,13.58,13.99,13.47,13.9,48336
20090825,NWSA,11.26,11.39,10.92,10.96,139578
20090825,NYT,8.19,8.19,7.95,8.01,12966
20090825,NYX,27.65,28.13,27.65,27.96,30513
20090825,ODP,5.21,5.49,5.15,5.4,69742
20090825,OI,35.43,36.02,34.97,35.41,23706
20090825,OMC,37.09,37.62,36.74,37.38,20541
20090825,ORCL,22.47,22.55,22.2,22.23,306004
20090825,ORLY,37.71,38.76,37.45,38.63,28294
20090825,OXY,75.56,76.15,73.59,73.91,50370
20090825,PAYX,28.45,28.74,28.35,28.44,26201
20090825,PBCT,16.47,16.6,16.15,16.21,26867
20090825,PBG,36.05,36.1,35.86,35.98,15834
20090825,PBI,22.72,22.92,22.52,22.75,11872
20090825,PCAR,37.02,37.91,36.91,37.51,31615
20090825,PCG,40.61,41.16,40.51,40.61,16415
20090825,PCL,30.86,31.08,30.6,30.91,19864
20090825,PCP,88.66,89.69,87.73,87.9,9784
20090825,PCS,8.08,8.1,7.95,8,38217
20090825,PDCO,27.55,28,27.35,27.69,16007
20090825,PEG,32.91,33.27,32.25,32.29,20697
20090825,PEP,57.35,57.8,57.07,57.29,58226
20090825,PFE,16.79,16.98,16.6801,16.8,406791
20090825,PFG,28.11,28.86,27.93,28.04,34908
20090825,PG,53.46,53.99,53.1575,53.4,126991
20090825,PGN,39.74,39.89,39.41,39.44,11887
20090825,PGR,16.87,17.01,16.85,16.92,31561
20090825,PH,50.17,51.05,49.68,50.33,15359
20090825,PHM,12.86,13.4,12.82,13.06,94749
20090825,PKI,18.31,18.45,18.01,18.01,9159
20090825,PLD,10.38,10.87,10.3,10.75,165481
20090825,PLL,31.08,31.32,30.72,30.98,5651
20090825,PM,47.34,47.52,46.78,46.8,95069
20090825,PNC,41.27,42.36,41.26,42.02,72393
20090825,PNW,33.4,33.71,33.23,33.27,6417
20090825,POM,14.56,14.65,14.49,14.52,18712
20090825,PPG,54.6,55.43,54.16,54.29,13156
20090825,PPL,29.73,29.78,29.33,29.41,13446
20090825,PRU,50.1,51.93,49.99,51.7,48894
20090825,PSA,71.35,71.37,69.86,70.99,23716
20090825,PTV,25.69,25.91,25.45,25.68,18713
20090825,PWR,23.4,23.8607,23.045,23.08,22413
20090825,PX,77.92,78.6,77.08,77.48,11764
20090825,PXD,31.53,31.69,30.05,30.4,19510
20090825,Q,3.79,3.84,3.74,3.8,222035
20090825,QCOM,47.28,47.85,46.88,46.99,214903
20090825,QLGC,14.5,14.65,14.25,14.37,23017
20090825,R,39.99,40.92,39.54,40.23,5949
20090825,RAI,46.86,46.92,45.65,45.69,18833
20090825,RDC,22.24,22.35,21.49,21.57,29757
20090825,RF,5.88,5.99,5.72,5.83,444008
20090825,RHI,26.73,26.73,26.25,26.39,7277
20090825,RHT,22.45,22.52,22.09,22.37,11788
20090825,RL,66.93,68.24,66.22,67.53,7180
20090825,ROK,39.99,41.21,39.99,40.91,13504
20090825,RRC,52.13,52.48,50.77,51.26,23210
20090825,RRD,17.89,18.04,17.62,18.01,23189
20090825,RSG,26.03,26.28,25.67,25.71,13453
20090825,RSH,15.27,15.66,15.17,15.45,26384
20090825,RTN,48.27,48.29,47.65,47.69,33091
20090825,RX,13.99,14.15,13.88,13.98,20810
20090825,S,3.83,3.85,3.6,3.65,659566
20090825,SBUX,19.24,19.74,19.21,19.5,99323
20090825,SCG,34.83,35.01,34.74,34.79,8620
20090825,SCHW,18.01,18.37,17.88,18.1,116465
20090825,SE,19.28,19.4,19.02,19.08,31733
20090825,SEE,18.76,19.44,18.72,19.22,16527
20090825,SGP,28.18,28.42,28.18,28.25,162091
20090825,SHLD,63.9,66.45,63.45,65.45,16757
20090825,SHW,59.67,61.34,59.67,60.7,22479
20090825,SIAL,52.25,52.71,51.69,51.82,5631
20090825,SII,29.12,29.54,28.38,28.69,45584
20090825,SJM,53.27,53.47,52.33,52.47,10640
20090825,SLB,57.93,58.08,55.8,56.13,96159
20090825,SLE,9.74,9.91,9.69,9.86,74763
20090825,SLM,9.31,9.32,9.085,9.3,78310
20090825,SNA,38.22,39.07,38.01,38.3,4823
20090825,SNDK,17.29,17.95,17.19,17.8,75574
20090825,SNI,33.77,34.02,33.23,33.44,5875
20090825,SO,31.61,31.68,31.43,31.53,42488
20090825,SPG,61.92,62.97,61.41,62.18,26401
20090825,SPLS,21.79,22.6,21.6,21.79,183041
20090825,SRCL,51.45,51.58,50.63,50.82,5716
20090825,SRE,51.33,51.93,51.33,51.53,14106
20090825,STI,22.1,22.7,21.77,21.98,102713
20090825,STJ,38,38.25,37.85,38.02,16751
20090825,STR,35.36,35.54,34.65,34.78,8491
20090825,STT,53.92,54.73,53.46,54.23,42623
20090825,STZ,14.9,15.13,14.88,15,28250
20090825,SUN,26.28,26.77,26.0803,26.37,21905
20090825,SVU,14.51,14.65,14.23,14.27,34725
20090825,SWK,42.09,43.05,42.06,42.24,5435
20090825,SWN,41.34,41.5,39.39,39.67,46702
20090825,SWY,19.04,19.29,18.9,19.25,49514
20090825,SYK,41.61,41.92,41.05,41.1,23343
20090825,SYMC,15.45,15.53,15.22,15.44,86199
20090825,SYY,25.37,25.7,24.88,25.33,48111
20090825,T,26.38,26.45,26.21,26.3,254772
20090825,TAP,46.17,46.38,45.8,45.97,7407
20090825,TDC,26.3,26.73,26.01,26.48,15615
20090825,TE,13.69,13.91,13.5893,13.61,16787
20090825,TEG,36.04,36.2,35.64,35.68,5800
20090825,TER,8.2,8.35,8.11,8.2,23216
20090825,TGT,45.57,46.83,45.27,46.47,110871
20090825,THC,4.64,4.77,4.57,4.7,60841
20090825,TIE,8.24,8.25,7.92,7.96,20993
20090825,TIF,32.57,33.62,32.19,33.1,23194
20090825,TJX,35.33,36.8,35.16,36.64,69248
20090825,TLAB,6.67,6.72,6.51,6.54,76219
20090825,TMK,42.06,44.42,41.96,43.68,10631
20090825,TMO,45.47,46.24,45.32,45.78,33799
20090825,TROW,46.55,46.88,46.11,46.36,18832
20090825,TRV,48.43,48.84,48.15,48.43,51201
20090825,TSN,12.18,12.29,12.03,12.2,46064
20090825,TSO,13.7,13.85,13.49,13.69,35161
20090825,TSS,15.37,15.51,15.37,15.47,8814
20090825,TWC,35.8,36.45,35.65,35.79,28406
20090825,TWX,28.92,29.06,28.51,28.54,66582
20090825,TXN,24.25,24.51,24.09,24.38,99123
20090825,TXT,14.91,15,14.65,14.8,58474
20090825,UNH,29.77,30,29.18,29.92,102078
20090825,UNM,21.49,22.95,21.49,22.78,46400
20090825,UNP,61.72,62.35,60.76,60.97,28930
20090825,UPS,53.77,54.52,53.655,54.37,41658
20090825,USB,21.86,22.28,21.76,21.92,132451
20090825,UTX,59.41,60.63,59.04,59.71,67984
20090825,VAR,40.78,41.53,40.74,41.24,17769
20090825,VFC,66.29,67.3,66.13,66.95,8234
20090825,VIA,26.31,26.66,26.17,26.35,707
20090825,VLO,19.16,19.19,18.81,18.89,103726
20090825,VMC,48.88,50.25,48.74,49.01,8445
20090825,VNO,56.52,57.82,56.3,57.46,22711
20090825,VRSN,20.97,21.02,20.49,20.56,45507
20090825,VTR,38.98,39.45,38.6,39.02,20439
20090825,VZ,31.48,31.67,31.3,31.31,102077
20090825,WAG,31.35,32.7,31.33,32.54,92867
20090825,WAT,51.61,52.74,51.5,52.23,9567
20090825,WDC,32.73,33.25,32.41,33.08,33457
20090825,WEC,45.73,45.95,45.55,45.78,6013
20090825,WFC,27.57,28.07,27.3,27.33,427889
20090825,WFMI,28.12,29.275,27.97,29.22,34061
20090825,WFR,16.91,16.97,16.19,16.28,48994
20090825,WHR,64.55,65.96,63.05,63.26,18127
20090825,WIN,8.63,8.68,8.52,8.54,42563
20090825,WLP,54.91,55.73,54.58,55.47,41728
20090825,WM,30.37,30.58,30.02,30.04,16252
20090825,WMB,17.44,17.78,17.25,17.35,51615
20090825,WMT,51.68,52.56,51.56,51.67,165835
20090825,WPI,35.27,35.49,35.09,35.1,11906
20090825,WPO,458,459.58,447.91,450.98,590
20090825,WU,18.54,18.82,18.48,18.49,67290
20090825,WY,36.69,37.31,36.27,36.46,17749
20090825,WYE,48.2,48.3,48.03,48.05,137118
20090825,WYN,15.97,16.44,15.97,16.14,29570
20090825,WYNN,56.53,58.34,55.86,58.02,38030
20090825,X,45.4,45.755,44.19,44.32,99585
20090825,XEL,19.95,20,19.79,19.84,22083
20090825,XL,16.54,16.97,16.46,16.87,70456
20090825,XLNX,22.31,22.58,22.03,22.15,52132
20090825,XOM,71.7,71.89,70.55,70.68,211849
20090825,XRAY,34.8,35.1,34.5,34.83,7968
20090825,XRX,8.59,8.82,8.59,8.72,65192
20090825,XTO,41.32,41.5,39.51,39.64,66748
20090825,YHOO,15.06,15.21,14.94,15.07,228505
20090825,YUM,35.47,35.95,34.99,35.17,38307
20090825,ZION,17.88,18.38,17.53,17.56,57468
20090825,ZMH,47.95,48.59,47.61,48.14,23235
20090826,A,25.32,25.6425,25.145,25.48,33334
20090826,AA,12.28,12.47,12.11,12.26,286577
20090826,AAPL,168.94,169.55,166.76,167.41,108570
20090826,ABC,20.87,21.15,20.77,20.9,20001
20090826,ABT,45.82,46.39,45.75,46.07,65988
20090826,ACS,45.53,45.88,45.36,45.49,11869
20090826,ADBE,32.51,32.76,32.15,32.51,40547
20090826,ADI,28.4,28.78,28.34,28.64,40096
20090826,ADM,27.63,28.18,27.57,27.9,72002
20090826,ADP,39.01,39.49,38.46,38.62,36709
20090826,ADSK,24.31,24.59,23.98,24.19,26081
20090826,AEE,27.29,27.57,27.04,27.46,14403
20090826,AEP,31.26,31.55,31.04,31.46,35491
20090826,AES,14,14.27,13.77,14.23,70748
20090826,AET,29.83,30.03,29.08,29.36,65465
20090826,AFL,41.75,41.99,40.9,41.39,37318
20090826,AGN,55.86,56.16,55.54,55.91,9593
20090826,AIG,34.13,38.05,33.28,37.69,274354
20090826,AIV,12.27,12.62,12.16,12.46,24575
20090826,AIZ,29.65,29.96,29.23,29.91,8892
20090826,AKAM,17.84,18.2,17.7,18.1,46480
20090826,AKS,20.89,20.98,20.38,20.6,72673
20090826,ALL,28.96,29.2,28.4,29.11,33747
20090826,ALTR,19.11,19.41,18.99,19.28,42058
20090826,AMAT,13.23,13.43,13.16,13.32,237502
20090826,AMD,4.03,4.08,4,4.06,206861
20090826,AMGN,60.15,61.79,60.02,61.24,61767
20090826,AMP,30.19,30.32,29.68,29.82,25944
20090826,AMT,32.48,32.68,32.12,32.45,41912
20090826,AMZN,84.02,84.76,83.38,84,36137
20090826,AN,19.58,20,19.33,19.74,23769
20090826,ANF,32.99,33.6,32.75,33.43,24163
20090826,AOC,42.02,42.16,41.37,41.55,16477
20090826,APA,85.53,86.38,84.38,85.74,32320
20090826,APC,53.42,54.89,53.13,54.43,59594
20090826,APD,75.38,76.73,74.84,75.61,8823
20090826,APH,33.64,34.62,33.64,34.59,13154
20090826,APOL,65.76,67.18,65.66,66.3,16995
20090826,ATI,28.38,29.16,28.1,28.49,19778
20090826,AVB,64.04,64.88,63.88,64.82,12625
20090826,AVP,32.65,32.88,32.14,32.28,44696
20090826,AVY,31.34,31.58,30.79,31.44,9248
20090826,AXP,32.57,33.2,32.48,33.14,93403
20090826,AYE,25.75,26.07,25.5,25.95,22965
20090826,AZO,149.76,151.95,149.42,150.22,6983
20090826,BA,48.07,48.38,47.44,47.82,39559
20090826,BAC,17.76,17.94,17.54,17.79,2038459
20090826,BAX,56.72,57.44,56.7,56.85,26401
20090826,BBBY,36.81,38.23,36.67,37.46,57998
20090826,BBT,27.45,27.9,27.03,27.64,59147
20090826,BBY,36.8,37.69,36.64,37.29,54103
20090826,BCR,77.44,78.55,77.19,78.24,12723
20090826,BDK,45.35,45.5,44.57,44.79,11012
20090826,BDX,68.95,70.2,68.63,69.83,24331
20090826,BEN,94.54,95.04,92.94,93.46,15978
20090826,BF.B,44.95,45.24,43.9,43.97,5851
20090826,BHI,38.06,38.44,37.79,38.34,25650
20090826,BIG,25.69,26.76,25.52,26.37,35905
20090826,BIIB,49.53,50,49.42,49.92,19204
20090826,BJS,15.06,15.46,15,15.45,53892
20090826,BK,29.01,29.32,28.43,28.82,78081
20090826,BLL,49.43,50.03,49.11,49.62,9553
20090826,BMC,35.33,35.81,35.21,35.65,18548
20090826,BMS,26.6,26.86,26.23,26.63,5303
20090826,BMY,22.94,23.28,22.83,22.91,125084
20090826,BNI,83.56,84.24,82.63,82.73,22431
20090826,BRCM,27.53,28.08,27.47,27.81,66871
20090826,BSX,11.53,11.63,11.41,11.43,105135
20090826,BTU,34.61,35.27,34.08,34.35,48350
20090826,BXP,59.73,60.18,59.03,59.77,16306
20090826,C,4.74,4.75,4.58,4.63,7213295
20090826,CA,22.83,22.92,22.54,22.85,35907
20090826,CAG,20.33,20.52,20.25,20.45,27394
20090826,CAH,34.38,34.7,33.87,34,57815
20090826,CAM,35.99,36.63,35.96,36.5,27577
20090826,CAT,47.71,47.76,46.75,47.25,79038
20090826,CB,47.99,48.9,47.91,48.84,28320
20090826,CBE,33.29,33.79,32.83,33.6,23542
20090826,CBG,11.8,11.99,11.53,11.77,28854
20090826,CBS,11.05,11.16,10.71,10.88,99000
20090826,CCE,20.42,20.78,20.4,20.76,43741
20090826,CCL,30.8,30.8,30.2,30.51,35685
20090826,CEG,31.03,31.52,30.76,31.49,16113
20090826,CELG,53.35,54.77,53.21,54.07,27210
20090826,CEPH,56.4,57.01,56.33,56.8,13783
20090826,CF,81.83,83.075,81.54,82.71,6726
20090826,CHK,23.07,23.45,22.79,23.31,82364
20090826,CHRW,57.64,58.15,57.05,57.35,12938
20090826,CI,30.63,30.63,29.66,29.97,31126
20090826,CIEN,13.07,13.39,12.97,13.32,32413
20090826,CINF,25.42,25.42,25.01,25.24,9556
20090826,CL,73.06,73.49,72.71,73.3,19041
20090826,CLX,58.99,59.29,58.75,59.26,10608
20090826,CMA,26.15,26.72,26.05,26.41,20120
20090826,CMCSA,15.19,15.35,15.0625,15.14,238756
20090826,CME,268.94,277.48,266.5,276.26,10675
20090826,CMI,47.5,47.76,45.89,46.12,25463
20090826,CMS,13.53,13.6,13.39,13.52,34301
20090826,CNP,12.78,12.85,12.63,12.83,33224
20090826,CNX,39.51,39.69,38.58,39.22,25207
20090826,COF,36.1,36.79,35.65,36.49,65684
20090826,COG,36.43,37,36.08,36.68,8019
20090826,COH,29.07,29.5,28.99,29.31,26968
20090826,COL,45.06,45.35,44.78,44.99,8536
20090826,COP,44.66,45.76,44.5,45.59,155404
20090826,COST,49.78,50.36,49.54,50.23,55748
20090826,CPB,31.18,31.37,31.06,31.18,8963
20090826,CPWR,7.39,7.43,7.34,7.37,19479
20090826,CRM,52.34,53,51.8803,52.87,14247
20090826,CSC,50.19,50.4094,49.84,50.1,9192
20090826,CSCO,21.94,22,21.81,21.93,335850
20090826,CSX,44.44,44.47,42.8527,43.05,74307
20090826,CTAS,27.57,27.99,27.51,27.87,10256
20090826,CTL,32.24,32.61,32.12,32.48,30307
20090826,CTSH,35.59,35.95,34.85,35,52738
20090826,CTXS,35.64,36.19,35.48,35.91,20275
20090826,CVG,11.11,11.25,11.06,11.22,5755
20090826,CVH,23.24,23.25,22.49,22.68,13534
20090826,CVS,36.9,37.15,36.495,36.98,129840
20090826,CVX,70.1,71.2,69.77,71.09,72407
20090826,D,33.96,33.96,33.33,33.49,33481
20090826,DD,32.18,32.9,31.97,32.38,46696
20090826,DE,46.04,46.06,44.9,45.13,46971
20090826,DELL,14.62,14.77,14.47,14.67,191922
20090826,DF,18,18.33,17.81,18.23,24255
20090826,DFS,13.61,14.12,13.32,14.01,84906
20090826,DGX,55.17,55.54,54.56,55.31,15693
20090826,DHI,13.22,13.9,13.03,13.79,166528
20090826,DHR,62.5,62.75,61.83,62.38,16441
20090826,DIS,26.72,27.2,26.59,27,105881
20090826,DNB,73.99,74.32,73.46,73.85,4202
20090826,DNR,15.56,15.73,15.29,15.59,17975
20090826,DO,89.39,91.26,89.17,91.16,21685
20090826,DOV,35.75,36.02,35.34,35.55,11943
20090826,DOW,21.54,21.8,21.45,21.56,114508
20090826,DPS,27.35,27.54,26.78,26.94,27143
20090826,DRI,33.48,33.96,33.33,33.79,16730
20090826,DTE,35.4,35.58,35.17,35.4,6595
20090826,DTV,25.02,25.02,24.61,24.93,70712
20090826,DUK,15.63,15.69,15.46,15.64,44862
20090826,DV,52.07,53.07,51.97,52.56,3601
20090826,DVA,52.05,52.5,51.3501,52.04,6221
20090826,DVN,62.32,62.75,61.97,62.53,34269
20090826,DYN,1.92,1.98,1.88,1.98,68302
20090826,EBAY,22.17,22.32,21.77,22.27,162284
20090826,ECL,42,42.12,41.75,41.96,15203
20090826,ED,40.45,40.59,39.99,40.39,15091
20090826,EFX,27.63,27.99,27.63,27.9,8936
20090826,EIX,33.72,34.16,33.516,34.07,23382
20090826,EK,4.57,5.63,4.55,5.51,295656
20090826,EL,35.86,36.11,35.7,35.9,10118
20090826,EMC,15.14,15.71,15.14,15.68,272124
20090826,EMN,54.15,54.63,53.45,53.75,7095
20090826,EMR,37.57,37.64,37.0399,37.56,68849
20090826,EOG,73.75,74.27,72.65,73.98,18027
20090826,EP,9.79,9.905,9.62,9.8,66998
20090826,EQR,27.43,27.83,27.28,27.82,35345
20090826,EQT,41.04,41.66,40.68,41.29,7430
20090826,ERTS,18.96,19.2,18.8,19.1,53490
20090826,ESRX,72.33,73.11,71.66,72.63,28527
20090826,ESV,38.26,38.59,37.74,38.15,16893
20090826,ETFC,1.36,1.42,1.34,1.4,592350
20090826,ETN,55.73,55.76,54.885,55.37,9026
20090826,ETR,81.49,81.95,80.7,81,12792
20090826,EXC,50.68,50.98,50.21,50.62,35704
20090826,EXPD,33.08,33.44,32.81,32.89,11698
20090826,EXPE,22.78,23.42,22.665,22.86,24528
20090826,F,7.61,7.64,7.41,7.61,445021
20090826,FAST,36.39,37.1,36.15,36.56,11183
20090826,FCX,63.89,64.27,62.9,63.13,178113
20090826,FDO,30.55,31.47,30.39,30.82,43756
20090826,FDX,68.23,68.68,67.39,67.76,20584
20090826,FE,45.3,45.54,44.89,45.41,15541
20090826,FHN,13.54,13.92,13.4,13.58,29831
20090826,FII,26.46,26.69,26.39,26.52,5968
20090826,FIS,24.96,25.09,24.88,25.06,22744
20090826,FISV,49.33,49.89,49.29,49.46,10072
20090826,FITB,10.6,10.87,10.5,10.74,180503
20090826,FLIR,22.58,23.05,22.51,22.97,9746
20090826,FLR,54.8,54.86,53.26,53.93,21711
20090826,FLS,89.16,89.16,87.15,88.52,9731
20090826,FO,41.17,41.87,40.63,41.05,6379
20090826,FPL,57.38,57.49,56.32,56.48,30759
20090826,FRX,28.77,29.26,28.77,28.99,12488
20090826,FTI,47.5,48.616,47.37,48.47,7126
20090826,FTR,7.15,7.22,7.12,7.15,31878
20090826,GAS,37.37,37.67,37.27,37.44,2069
20090826,GCI,8.33,8.77,8.26,8.67,141631
20090826,GD,58.74,58.86,57.87,58.73,22353
20090826,GE,14.24,14.3,14.0138,14.11,666414
20090826,GENZ,55.56,56.28,55.4375,55.88,33921
20090826,GILD,46.2,46.56,46.06,46.23,50098
20090826,GIS,59.17,60.01,59.11,59.62,21007
20090826,GLW,16.14,16.1977,15.86,16.05,82382
20090826,GME,22.44,22.94,22.06,22.56,50907
20090826,GNW,8.9,8.9,8.48,8.77,121111
20090826,GOOG,472.6,473,466.7,468,19884
20090826,GPC,38.71,38.71,37.79,37.93,8029
20090826,GPS,19.81,20.08,19.704,19.84,97602
20090826,GR,56.8,56.85,55.06,55.25,11425
20090826,GS,164.29,166.41,163.7,165.95,83274
20090826,GT,17.41,17.47,16.69,17,42978
20090826,GWW,89.33,89.98,88.66,88.93,5101
20090826,HAL,24.23,24.78,24.22,24.72,129740
20090826,HAR,29.54,30.12,29.1,29.66,18381
20090826,HAS,27.72,28,27.55,27.83,21950
20090826,HBAN,4.41,4.53,4.34,4.41,121373
20090826,HCBK,12.69,13.26,12.69,13.06,115596
20090826,HCN,42.39,42.59,41.92,42.25,17011
20090826,HCP,28.28,28.53,28.0299,28.41,28628
20090826,HD,27.28,27.94,27.22,27.57,156083
20090826,HES,51.06,52.79,50.71,52.79,42166
20090826,HIG,23.1,23.2,22.04,22.96,328554
20090826,HNZ,39.02,39.2,38.8701,39,19939
20090826,HOG,22.22,22.75,21.73,21.95,32482
20090826,HON,37.38,37.52,36.88,37.12,45378
20090826,HOT,30.13,30.94,29.86,30.37,25772
20090826,HPQ,44.58,44.75,44.1,44.48,142640
20090826,HRB,17.71,17.95,17.63,17.73,24200
20090826,HRL,37.18,37.4,36.9435,37.12,5880
20090826,HRS,34.87,35.5,34.72,35.24,7180
20090826,HSP,39.96,40.27,39.72,40.03,6776
20090826,HST,10.36,10.43,10.01,10.08,120288
20090826,HSY,39.19,39.37,39.03,39.21,7083
20090826,HUM,37.08,37.14,36.09,36.15,22064
20090826,IBM,118.64,119.85,117.51,119.47,45162
20090826,ICE,93.01,93.09,91.4,92.98,14481
20090826,IFF,35.91,36.41,35.75,36.08,3563
20090826,IGT,20.8,21.29,20.44,21.23,49215
20090826,INTC,19.22,19.49,19.13,19.43,615875
20090826,INTU,28.41,28.63,28.08,28.2,44970
20090826,IP,21.38,21.99,21,21.46,82929
20090826,IPG,6.57,6.6,6.29,6.4,68224
20090826,IRM,29.37,30.05,29.32,30.01,12280
20090826,ISRG,230.37,233.08,227.7701,228.75,3155
20090826,ITT,51.04,51.27,50.32,50.74,14819
20090826,ITW,42.83,42.89,42.13,42.28,26640
20090826,IVZ,20.45,20.67,20.03,20.14,58596
20090826,JAVA,9.33,9.36,9.32,9.35,81984
20090826,JBL,10.62,10.89,10.52,10.63,17269
20090826,JCI,24.89,25.08,24.52,24.88,44113
20090826,JCP,31.1,31.16,30.41,30.5,54942
20090826,JDSU,6.53,6.86,6.5,6.57,35784
20090826,JEC,45.99,46.07,44.48,45.1,23457
20090826,JNJ,61.26,61.35,60.51,60.63,108654
20090826,JNPR,23.68,23.72,23.08,23.22,100942
20090826,JNS,13.22,13.38,13.05,13.11,21900
20090826,JPM,43.39,43.78,42.92,43.3,319083
20090826,JWN,29.16,29.56,28.6,28.79,30095
20090826,K,47.05,47.47,47,47.21,15931
20090826,KBH,18.15,18.78,17.8099,18.23,36313
20090826,KEY,6.51,6.58,6.27,6.4,142834
20090826,KFT,28.58,28.78,28.3,28.46,82625
20090826,KG,10.35,10.5,10.35,10.41,17215
20090826,KIM,12.26,12.49,11.94,12.45,79421
20090826,KLAC,31.33,32.09,31.21,31.78,43772
20090826,KMB,59.57,60.25,59.38,60.16,23495
20090826,KO,48.82,49.32,48.7,49.18,67959
20090826,KR,21.29,21.9,21.15,21.9,98750
20090826,KSS,52.79,53.74,52.51,52.94,29331
20090826,L,34.01,34.16,33.73,33.93,20898
20090826,LEG,18.89,19.35,18.71,18.89,21416
20090826,LEN,15.15,15.765,14.8,15.58,106601
20090826,LH,70.56,71.29,70.27,70.75,11149
20090826,LIFE,45.5,46.3,45.36,45.47,11298
20090826,LLL,74.91,74.91,73.85,74.34,8445
20090826,LLTC,26.74,27.02,26.38,26.77,28778
20090826,LLY,33.74,34.15,33.6,33.65,53926
20090826,LM,28.65,29.08,28.41,28.92,16259
20090826,LMT,74.28,75.09,73.99,74.58,42007
20090826,LNC,25,25.04,24.14,24.75,44804
20090826,LO,77.24,77.65,76.135,76.28,12423
20090826,LOW,20.94,21.96,20.91,21.59,171468
20090826,LSI,5.05,5.15,5,5.08,42306
20090826,LTD,15.27,15.68,15.16,15.28,31537
20090826,LUK,25.47,25.85,25.18,25.63,12916
20090826,LUV,8.67,8.78,8.55,8.6,76200
20090826,LXK,17.98,18.81,17.86,18.61,43924
20090826,M,15.81,16.04,15.52,15.69,92311
20090826,MA,208.15,208.15,204.2,206.69,12917
20090826,MAR,24.89,25.02,24.48,24.56,40015
20090826,MAS,14.56,15.03,14.33,14.43,46269
20090826,MAT,18.43,18.56,18.14,18.28,16455
20090826,MBI,5.67,5.71,5.45,5.6,31679
20090826,MCD,56.47,57.22,56.3,57,82587
20090826,MCHP,26.32,26.51,26.13,26.45,32306
20090826,MCK,56.62,57.18,56.0406,56.51,18226
20090826,MCO,26.6,26.81,26.36,26.71,16675
20090826,MDP,27.89,28.59,27.65,28.35,3433
20090826,MDT,37.74,38.45,37.74,38.17,78006
20090826,MEE,28.92,29.76,28.48,28.87,36349
20090826,MET,38.75,39.09,37.81,38.32,59073
20090826,MFE,40.87,41,40.26,40.47,17067
20090826,MHP,30.89,32.91,30.8,32.15,49463
20090826,MHS,56.35,56.5,55.41,55.75,25093
20090826,MI,6.77,7.2,6.75,7.16,76069
20090826,MIL,66.71,67.112,66.57,66.77,4027
20090826,MKC,32.48,32.7,32.34,32.5,3260
20090826,MMC,23.43,23.61,23.28,23.4,26992
20090826,MMM,72.69,72.74,71.27,71.42,47036
20090826,MO,18.09,18.21,18.05,18.17,135167
20090826,MOLX,18.41,18.65,18.32,18.49,9659
20090826,MON,83.38,84.36,82.67,83.98,31824
20090826,MOT,7.53,7.57,7.44,7.48,179730
20090826,MRK,32.82,32.98,32.47,32.68,99599
20090826,MRO,31.16,31.9395,31,31.79,46064
20090826,MS,30.1,30.1,29.36,29.53,151377
20090826,MSFT,24.56,24.75,24.42,24.55,410790
20090826,MTB,61.26,62.47,60.55,61.46,7088
20090826,MTW,6.42,6.63,6.36,6.6,39510
20090826,MU,7.18,7.26,7.15,7.25,161880
20090826,MUR,58.56,59.01,57.6,58.54,17453
20090826,MWV,22.44,22.8,22.09,22.57,15573
20090826,MWW,15.64,16.02,15.55,15.74,28561
20090826,MYL,14.59,14.75,14.35,14.54,65222
20090826,NBL,60.65,62,60.5,62,14288
20090826,NBR,18.46,18.57,18.17,18.54,43907
20090826,NDAQ,21.14,21.15,20.76,21.1,21475
20090826,NEM,40.27,40.27,39.51,39.88,41414
20090826,NI,13.5,13.63,13.35,13.56,24527
20090826,NKE,55.28,56,54.93,55.45,33498
20090826,NOC,49.47,49.57,48.57,48.9,27228
20090826,NOV,38.04,38.56,37.81,38.22,49025
20090826,NOVL,4.72,4.77,4.68,4.75,24169
20090826,NSC,46.72,47.21,46.03,46.21,30679
20090826,NSM,14.79,15.17,14.73,15.15,80910
20090826,NTAP,21.98,22.35,21.82,22.24,50894
20090826,NTRS,59.85,60.03,58.81,59.86,21109
20090826,NU,24.33,24.43,24.11,24.32,9187
20090826,NUE,46.3,46.61,45.08,45.28,42960
20090826,NVDA,13.66,13.85,13.5807,13.82,108580
20090826,NVLS,18.46,19.02,18.28,18.96,82026
20090826,NWL,13.89,14,13.64,13.92,48283
20090826,NWSA,10.97,11.16,10.84,11.07,133600
20090826,NYT,8.08,8.25,7.87,7.95,10323
20090826,NYX,27.8,28.83,27.76,28.79,34415
20090826,ODP,5.39,5.53,5.26,5.37,47109
20090826,OI,35.29,35.65,34.19,34.43,19624
20090826,OMC,37.37,37.59,37.03,37.45,18521
20090826,ORCL,22.17,22.26,22,22.2,187793
20090826,ORLY,38.46,39.05,38.21,38.6,18938
20090826,OXY,73.42,74.7,73.01,74.16,49365
20090826,PAYX,28.33,28.41,28.06,28.28,31806
20090826,PBCT,16.2,16.43,16.14,16.24,26223
20090826,PBG,35.86,36.21,35.86,36.1,35358
20090826,PBI,22.79,22.79,22.24,22.49,13169
20090826,PCAR,37.45,37.6,36.57,36.9,22902
20090826,PCG,40.64,40.83,40.37,40.81,21460
20090826,PCL,31.01,31.06,30.67,30.99,22492
20090826,PCP,87.9,88.03,86.14,86.77,12597
20090826,PCS,8.03,8.11,7.93,8,64812
20090826,PDCO,27.78,27.8,27.29,27.42,8403
20090826,PEG,32.25,32.39,31.99,32.2,15756
20090826,PEP,57.35,58.19,57.13,57.88,73967
20090826,PFE,16.79,16.88,16.64,16.77,365275
20090826,PFG,28.04,28.33,27.48,28.1,30747
20090826,PG,53.41,53.8,53.28,53.36,93879
20090826,PGN,39.44,39.72,39.06,39.7,12379
20090826,PGR,16.73,16.93,16.5,16.6,42554
20090826,PH,50.41,50.41,49.43,49.78,11064
20090826,PHM,13.22,13.59,12.92,13.32,76391
20090826,PKI,17.96,18.25,17.91,18.14,16676
20090826,PLD,10.7,10.88,10.515,10.74,100477
20090826,PLL,30.86,31,30.44,30.9,5378
20090826,PM,46.63,47.25,46.55,46.68,71468
20090826,PNC,41.85,42.5,41.34,42.03,37582
20090826,PNW,33.32,33.46,33.0818,33.37,3416
20090826,POM,14.48,14.63,14.41,14.54,28250
20090826,PPG,54.16,54.75,53.5,53.74,13176
20090826,PPL,29.34,29.58,29.1,29.48,19210
20090826,PRU,51.56,51.65,50.44,51.02,42043
20090826,PSA,70.31,70.99,70.12,70.8,30209
20090826,PTV,25.66,25.78,25.195,25.36,15298
20090826,PWR,23.02,23.4,22.83,22.9,23425
20090826,PX,77.24,78.26,76.6023,77.37,10582
20090826,PXD,30.06,30.33,29.56,30.01,13584
20090826,Q,3.81,3.84,3.75,3.8,151247
20090826,QCOM,47,47.78,46.76,47.53,144803
20090826,QLGC,14.39,14.57,14.25,14.51,37013
20090826,R,40.12,40.25,38.9,39.1,7318
20090826,RAI,45.71,46.09,45.6,46,13879
20090826,RDC,21.42,21.69,21.22,21.37,20812
20090826,RF,5.89,6,5.73,5.84,430237
20090826,RHI,26.41,26.78,26.25,26.58,7931
20090826,RHT,22.35,22.58,22.15,22.42,11786
20090826,RL,67.33,68.64,67.15,68.17,11681
20090826,ROK,40.73,41.27,40.45,41,8630
20090826,RRC,50.85,50.85,49.93,50.23,26075
20090826,RRD,17.94,18.31,17.87,18.13,17682
20090826,RSG,25.71,25.99,25.65,25.84,13089
20090826,RSH,15.29,15.63,15.15,15.26,24173
20090826,RTN,47.72,47.86,47.28,47.6,33369
20090826,RX,13.98,14.13,13.9,14.05,20942
20090826,S,3.72,3.79,3.63,3.79,485266
20090826,SBUX,19.46,19.68,19.21,19.35,83908
20090826,SCG,34.79,34.89,34.64,34.86,7034
20090826,SCHW,17.94,18.1682,17.73,17.85,94779
20090826,SE,18.97,19.28,18.82,19.26,25183
20090826,SEE,19.14,19.43,18.94,19.15,10630
20090826,SGP,28.21,28.41,28.03,28.3,67912
20090826,SHLD,64.91,65.89,64.52,65.27,14088
20090826,SHW,60.41,61.13,60.13,60.38,17605
20090826,SIAL,51.68,52.04,50.77,50.89,8276
20090826,SII,28.38,28.54,28.13,28.39,31199
20090826,SJM,52.63,52.7,51.73,51.9,9859
20090826,SLB,55.61,56.76,55.43,56.58,79697
20090826,SLE,9.86,9.87,9.71,9.77,73012
20090826,SLM,9.17,9.17,8.8,8.87,54938
20090826,SNA,38.23,39.02,37.93,38.16,3016
20090826,SNDK,17.85,17.93,17.44,17.68,46883
20090826,SNI,33.23,33.8796,33.06,33.51,5336
20090826,SO,31.57,31.75,31.43,31.63,29750
20090826,SPG,62.09,63.45,61.54,63.35,26465
20090826,SPLS,21.74,22.11,21.49,21.97,134095
20090826,SRCL,50.62,50.7185,49.65,49.97,7495
20090826,SRE,51.34,51.69,50.95,51.41,12402
20090826,STI,21.88,22.45,21.55,22.15,81242
20090826,STJ,38.78,39.63,38.45,38.65,41256
20090826,STR,34.36,34.92,34.14,34.65,5349
20090826,STT,54,54.4,53.03,53.47,41134
20090826,STZ,15,15.2,14.93,15.03,22093
20090826,SUN,26.2,27.82,26.2,27.69,44879
20090826,SVU,14.3,14.99,14.28,14.94,39667
20090826,SWK,42.23,42.6,41.81,42.22,5124
20090826,SWN,39.07,39.33,37.96,38.71,51852
20090826,SWY,19.25,19.66,19.06,19.52,71770
20090826,SYK,41.05,41.81,41.01,41.45,18044
20090826,SYMC,15.48,15.51,15.25,15.43,78253
20090826,SYY,25.33,25.67,25.19,25.41,30993
20090826,T,26.29,26.72,26.2,26.51,267022
20090826,TAP,45.8,46.52,45.73,46.33,13650
20090826,TDC,26.51,27.15,26.39,26.72,14214
20090826,TE,13.58,13.7,13.45,13.6,12316
20090826,TEG,35.77,35.8855,35.32,35.55,5368
20090826,TER,8.15,8.45,8.15,8.36,37659
20090826,TGT,46.31,47.69,46.26,47.42,101865
20090826,THC,4.68,4.85,4.64,4.69,41125
20090826,TIE,8.01,8.13,7.84,8.06,22310
20090826,TIF,33.58,34.45,33.16,33.66,27106
20090826,TJX,36.29,36.7807,36.15,36.6,47709
20090826,TLAB,6.51,6.59,6.45,6.55,73530
20090826,TMK,42.7,42.85,41.68,42.31,14380
20090826,TMO,45.79,46.03,45.46,45.64,20688
20090826,TROW,46.16,46.36,45.5003,45.99,14939
20090826,TRV,48.42,48.95,47.95,48.79,38882
20090826,TSN,12.15,12.17,12.02,12.1,23677
20090826,TSO,13.64,14.05,13.51,14.04,64244
20090826,TSS,15.44,15.63,15.38,15.62,12518
20090826,TWC,36.14,36.26,35.54,35.97,18805
20090826,TWX,28.46,28.81,28.17,28.75,85132
20090826,TXN,24.44,24.6,24.2605,24.46,98719
20090826,TXT,14.73,15.71,14.68,15.64,117460
20090826,UNH,29.83,29.84,28.81,28.93,101440
20090826,UNM,22.69,23,22.33,22.63,41530
20090826,UNP,60.75,60.86,59.85,60.38,31642
20090826,UPS,54.28,54.46,53.64,54.01,33167
20090826,USB,21.72,22.37,21.66,22.11,115424
20090826,UTX,59.7,59.97,59.17,59.77,37213
20090826,VAR,41.31,41.31,40.5,40.64,13793
20090826,VFC,67.35,69.03,66.7,68.95,14980
20090826,VIA,26.4,26.5585,25.97,26.45,447
20090826,VLO,18.75,19.18,18.7,19,83910
20090826,VMC,48.9,49.75,48.28,49.16,8521
20090826,VNO,57.25,58.54,56.72,58.51,20830
20090826,VRSN,20.57,21.05,20.405,21,46739
20090826,VTR,38.73,38.95,38.13,38.53,25111
20090826,VZ,31.21,31.79,31.21,31.48,124771
20090826,WAG,32.5,33.44,31.9633,33.41,84647
20090826,WAT,51.94,52.86,51.93,52.17,4202
20090826,WDC,33.18,34.14,33,34.09,43268
20090826,WEC,45.7,46.4,45.4,46.23,10503
20090826,WFC,27.14,27.72,27.02,27.62,433107
20090826,WFMI,29.12,29.88,28.83,29.52,32123
20090826,WFR,16.29,16.41,15.86,16.1,54082
20090826,WHR,63.08,63.9,61.7,62.22,15056
20090826,WIN,8.55,8.6,8.5,8.58,21600
20090826,WLP,55.29,55.53,54.48,54.72,31178
20090826,WM,29.99,30.3,29.83,30.2,12778
20090826,WMB,17.24,17.43,16.9,17.27,34022
20090826,WMT,51.74,52.24,51.56,51.8,142962
20090826,WPI,35.1,35.1799,34.85,35.08,7506
20090826,WPO,452.5,452.5,445.8,449.71,807
20090826,WU,18.5,18.85,18.45,18.59,37465
20090826,WY,36.54,37.49,36.11,36.79,17052
20090826,WYE,47.97,48.2,47.8994,48,109097
20090826,WYN,16.11,16.14,15.77,15.81,18988
20090826,WYNN,57.58,58.39,56.6,57.2,34656
20090826,X,44,44.27,43.02,43.24,133945
20090826,XEL,19.78,20,19.7,19.95,25454
20090826,XL,16.83,17.05,16.465,16.9,60316
20090826,XLNX,22.29,22.41,22,22.17,51363
20090826,XOM,70.05,71.47,69.9,71.37,187769
20090826,XRAY,34.98,35.08,34.25,34.46,8462
20090826,XRX,8.73,8.75,8.55,8.72,40004
20090826,XTO,39.43,39.62,39.05,39.6,56715
20090826,YHOO,15.09,15.14,14.86,14.93,158452
20090826,YUM,35.21,35.36,34.76,35.03,28738
20090826,ZION,17.66,17.94,17.12,17.42,46107
20090826,ZMH,47.89,48.96,47.82,48.55,20250
20090827,A,25.5,25.57,25.23,25.54,70176
20090827,AA,12.23,12.49,12.02,12.4,265027
20090827,AAPL,168.59,169.57,164.83,169.45,160421
